type,path
.png,assets/got/textures/logo.png
.png,assets/got/textures/armor/reachguard_helmet.png
.png,assets/got/textures/armor/summer_2.png
.png,assets/got/textures/armor/copper_2.png
.png,assets/got/textures/armor/hillmen_1.png
.png,assets/got/textures/armor/myr_2.png
.png,assets/got/textures/armor/kingsguard_2.png
.png,assets/got/textures/armor/pentos_2.png
.png,assets/got/textures/armor/arryn_2.png
.png,assets/got/textures/armor/special_helmet_sandor_clegane.png
.png,assets/got/textures/armor/tyrosh_1.png
.png,assets/got/textures/armor/lion_1.png
.png,assets/got/textures/armor/north_2.png
.png,assets/got/textures/armor/ibben_1.png
.png,assets/got/textures/armor/westerlandsguard_1.png
.png,assets/got/textures/armor/north_1.png
.png,assets/got/textures/armor/bronze_chainmail_1.png
.png,assets/got/textures/armor/bronze_2.png
.png,assets/got/textures/armor/yi_ti_helmet_captain.png
.png,assets/got/textures/armor/ibben_2.png
.png,assets/got/textures/armor/ironborn_1.png
.png,assets/got/textures/armor/alloy_steel_2.png
.png,assets/got/textures/armor/lys_1.png
.png,assets/got/textures/armor/crownlands_1.png
.png,assets/got/textures/armor/ice_2.png
.png,assets/got/textures/armor/ghiscar_harpy.png
.png,assets/got/textures/armor/lys_2.png
.png,assets/got/textures/armor/norvos_2.png
.png,assets/got/textures/armor/dorne_2.png
.png,assets/got/textures/armor/special_helmet_robert_baratheon.png
.png,assets/got/textures/armor/arryn_1.png
.png,assets/got/textures/armor/gold_chainmail_1.png
.png,assets/got/textures/armor/crownlands_2.png
.png,assets/got/textures/armor/dragonstone_2.png
.png,assets/got/textures/armor/reachguard_1.png
.png,assets/got/textures/armor/dorne_1.png
.png,assets/got/textures/armor/copper_chainmail_2.png
.png,assets/got/textures/armor/gold_chainmail_2.png
.png,assets/got/textures/armor/gift_2.png
.png,assets/got/textures/armor/yi_ti_2.png
.png,assets/got/textures/armor/alloy_steel_1.png
.png,assets/got/textures/armor/reach_1.png
.png,assets/got/textures/armor/qarth_1.png
.png,assets/got/textures/armor/riverlands_1.png
.png,assets/got/textures/armor/valyrian_chainmail_1.png
.png,assets/got/textures/armor/copper_chainmail_1.png
.png,assets/got/textures/armor/arrynguard_2.png
.png,assets/got/textures/armor/lion_2.png
.png,assets/got/textures/armor/unsullied_2.png
.png,assets/got/textures/armor/yi_ti_samurai_2.png
.png,assets/got/textures/armor/robes_2.png
.png,assets/got/textures/armor/golden_company_2.png
.png,assets/got/textures/armor/yi_ti_samurai_1.png
.png,assets/got/textures/armor/anonymous_1.png
.png,assets/got/textures/armor/myr_1.png
.png,assets/got/textures/armor/hat.png
.png,assets/got/textures/armor/dragonstone_1.png
.png,assets/got/textures/armor/unsullied_1.png
.png,assets/got/textures/armor/valyrian_chainmail_2.png
.png,assets/got/textures/armor/targaryen_1.png
.png,assets/got/textures/armor/qarth_2.png
.png,assets/got/textures/armor/special_brooch_monford_velaryon.png
.png,assets/got/textures/armor/bronze_1.png
.png,assets/got/textures/armor/asshai_mask.png
.png,assets/got/textures/armor/dothraki_2.png
.png,assets/got/textures/armor/volantis_2.png
.png,assets/got/textures/armor/riverlands_2.png
.png,assets/got/textures/armor/northguard_1.png
.png,assets/got/textures/armor/ice_1.png
.png,assets/got/textures/armor/bronze_chainmail_2.png
.png,assets/got/textures/armor/lorath_1.png
.png,assets/got/textures/armor/special_brooch_tyrion_lannister.png
.png,assets/got/textures/armor/westerlands_helmet.png
.png,assets/got/textures/armor/qohor_2.png
.png,assets/got/textures/armor/kingsguard_1.png
.png,assets/got/textures/armor/fur_1.png
.png,assets/got/textures/armor/targaryen_helmet.png
.png,assets/got/textures/armor/targaryen_chestplate.png
.png,assets/got/textures/armor/gift_1.png
.png,assets/got/textures/armor/reach_helmet.png
.png,assets/got/textures/armor/volantis_1.png
.png,assets/got/textures/armor/alloy_steel_chainmail_1.png
.png,assets/got/textures/armor/sothoryos_1.png
.png,assets/got/textures/armor/special_hand_gold.png
.png,assets/got/textures/armor/tyrosh_2.png
.png,assets/got/textures/armor/ghiscar_2.png
.png,assets/got/textures/armor/ghiscar_1.png
.png,assets/got/textures/armor/valyrian_2.png
.png,assets/got/textures/armor/robes_1.png
.png,assets/got/textures/armor/mossovy_1.png
.png,assets/got/textures/armor/copper_1.png
.png,assets/got/textures/armor/norvos_1.png
.png,assets/got/textures/armor/stormlands_2.png
.png,assets/got/textures/armor/qohor_1.png
.png,assets/got/textures/armor/braavos_helmet.png
.png,assets/got/textures/armor/robes_turban.png
.png,assets/got/textures/armor/ironborn_2.png
.png,assets/got/textures/armor/alloy_steel_chainmail_2.png
.png,assets/got/textures/armor/reach_2.png
.png,assets/got/textures/armor/oryx_2.png
.png,assets/got/textures/armor/westerlands_1.png
.png,assets/got/textures/armor/fur_2.png
.png,assets/got/textures/armor/northguard_2.png
.png,assets/got/textures/armor/lhazar_1.png
.png,assets/got/textures/armor/mossovy_2.png
.png,assets/got/textures/armor/golden_company_1.png
.png,assets/got/textures/armor/yi_ti_bombardier_2.png
.png,assets/got/textures/armor/reachguard_2.png
.png,assets/got/textures/armor/pentos_1.png
.png,assets/got/textures/armor/stormlands_1.png
.png,assets/got/textures/armor/jogos_nhai_2.png
.png,assets/got/textures/armor/braavos_1.png
.png,assets/got/textures/armor/bone_1.png
.png,assets/got/textures/armor/special_hand_silver.png
.png,assets/got/textures/armor/sothoryos_2.png
.png,assets/got/textures/armor/dothraki_1.png
.png,assets/got/textures/armor/hillmen_helmet.png
.png,assets/got/textures/armor/lorath_2.png
.png,assets/got/textures/armor/yi_ti_1.png
.png,assets/got/textures/armor/valyrian_1.png
.png,assets/got/textures/armor/unsullied_helmet.png
.png,assets/got/textures/armor/yi_ti_samurai_helmet.png
.png,assets/got/textures/armor/hillmen_2.png
.png,assets/got/textures/armor/summer_chestplate.png
.png,assets/got/textures/armor/targaryen_2.png
.png,assets/got/textures/armor/summer_1.png
.png,assets/got/textures/armor/jogos_nhai_1.png
.png,assets/got/textures/armor/north_helmet.png
.png,assets/got/textures/armor/lion_helmet.png
.png,assets/got/textures/armor/arryn_helmet.png
.png,assets/got/textures/armor/westerlandsguard_2.png
.png,assets/got/textures/armor/asshai_1.png
.png,assets/got/textures/armor/arrynguard_1.png
.png,assets/got/textures/armor/bone_2.png
.png,assets/got/textures/armor/sothoryos_helmet_chieftain.png
.png,assets/got/textures/armor/special_brooch_petyr_baelish.png
.png,assets/got/textures/armor/lhazar_2.png
.png,assets/got/textures/armor/asshai_2.png
.png,assets/got/textures/armor/oryx_1.png
.png,assets/got/textures/armor/westerlands_2.png
.png,assets/got/textures/armor/yi_ti_bombardier_1.png
.png,assets/got/textures/armor/braavos_2.png
.png,assets/got/textures/gui/buttons.png
.png,assets/got/textures/gui/effects.png
.png,assets/got/textures/gui/pouch_with_chest.png
.png,assets/got/textures/gui/forge.png
.png,assets/got/textures/gui/oven.png
.png,assets/got/textures/gui/menu_overlay.png
.png,assets/got/textures/gui/attackMeter.png
.png,assets/got/textures/gui/trade.png
.png,assets/got/textures/gui/horn_select.png
.png,assets/got/textures/gui/mob_spawner.png
.png,assets/got/textures/gui/message.png
.png,assets/got/textures/gui/widgets.png
.png,assets/got/textures/gui/brandingIron.png
.png,assets/got/textures/gui/banner_edit.png
.png,assets/got/textures/gui/anvil.png
.png,assets/got/textures/gui/coin_exchange.png
.png,assets/got/textures/gui/beacon.png
.png,assets/got/textures/gui/factions.png
.png,assets/got/textures/gui/bank.png
.png,assets/got/textures/gui/pouch.png
.png,assets/got/textures/gui/menu_icons.png
.png,assets/got/textures/gui/cracker.png
.png,assets/got/textures/gui/unsmelter.png
.png,assets/got/textures/gui/squadronItem.png
.png,assets/got/textures/gui/millstone.png
.png,assets/got/textures/gui/transparent.png
.png,assets/got/textures/gui/fellowships.png
.png,assets/got/textures/gui/armor_stand.png
.png,assets/got/textures/gui/factions_full.png
.png,assets/got/textures/gui/alignment.png
.png,assets/got/textures/blocks/wood_beam4_fir_top.png
.png,assets/got/textures/blocks/ceramic_plate_base.png
.png,assets/got/textures/blocks/door_charred_upper.png
.png,assets/got/textures/blocks/stained_glass_magenta.png
.png,assets/got/textures/blocks/wood_beam5_lemon_side.png
.png,assets/got/textures/blocks/leaves1_ibbinia_fast.png
.png,assets/got/textures/blocks/leaves7_almond_fast.png
.png,assets/got/textures/blocks/clay_tile_dyed_cyan.png
.png,assets/got/textures/blocks/wild_fire_jar_lid_side.png
.png,assets/got/textures/blocks/sapling5_pine.png
.png,assets/got/textures/blocks/trapdoor_ibbinia.png
.png,assets/got/textures/blocks/thatch_thatch.png
.png,assets/got/textures/blocks/fruit_sapling_apple.png
.png,assets/got/textures/blocks/pillar1_granite_side_bottom.png
.png,assets/got/textures/blocks/smooth_stone_rhyolite_side.png
.png,assets/got/textures/blocks/cherry_pie_side.png
.png,assets/got/textures/blocks/daub_bottom_left_inv.png
.png,assets/got/textures/blocks/table_arryn_top.png
.png,assets/got/textures/blocks/leaves_v1_oak_fast.png
.png,assets/got/textures/blocks/wood_beam_fruit_pear_side.png
.png,assets/got/textures/blocks/wood_beam_v1_spruce_side.png
.png,assets/got/textures/blocks/brick3_granite_carved.png
.png,assets/got/textures/blocks/wood_beam9_weirwood_side.png
.png,assets/got/textures/blocks/date_bottom.png
.png,assets/got/textures/blocks/brick3_sandstone_red_cracked.png
.png,assets/got/textures/blocks/wood_beam5_lime_top.png
.png,assets/got/textures/blocks/door_redwood_upper.png
.png,assets/got/textures/blocks/leaves8_plum_fancy.png
.png,assets/got/textures/blocks/red_clay.png
.png,assets/got/textures/blocks/willow_vines.png
.png,assets/got/textures/blocks/concrete_powder_magenta.png
.png,assets/got/textures/blocks/trapdoor_green_oak.png
.png,assets/got/textures/blocks/wood_beam9_weirwood_top.png
.png,assets/got/textures/blocks/planks1_ulthos.png
.png,assets/got/textures/blocks/trapdoor_plum.png
.png,assets/got/textures/blocks/door_palm_upper.png
.png,assets/got/textures/blocks/wild_fire_jar_cap_side.png
.png,assets/got/textures/blocks/asshai_bars.png
.png,assets/got/textures/blocks/concrete_red.png
.png,assets/got/textures/blocks/bird_cage_silver_side.png
.png,assets/got/textures/blocks/wood_beam6_willow_side.png
.png,assets/got/textures/blocks/chrysanthemum_pink.png
.png,assets/got/textures/blocks/turnip_2.png
.png,assets/got/textures/blocks/white_sandstone_top.png
.png,assets/got/textures/blocks/pillar1_andesite_side.png
.png,assets/got/textures/blocks/leaves2_banana_fancy.png
.png,assets/got/textures/blocks/bomb_side.png
.png,assets/got/textures/blocks/pillar1_sandstone_red_side.png
.png,assets/got/textures/blocks/table_sothoryos_top.png
.png,assets/got/textures/blocks/silver_bars.png
.png,assets/got/textures/blocks/wood3_maple_top.png
.png,assets/got/textures/blocks/wood5_lemon_top.png
.png,assets/got/textures/blocks/table_ibben_side.png
.png,assets/got/textures/blocks/coral_reef_purple.png
.png,assets/got/textures/blocks/concrete_black.png
.png,assets/got/textures/blocks/trapdoor_aspen.png
.png,assets/got/textures/blocks/rock_basalt_moss.png
.png,assets/got/textures/blocks/leaves_v2_acacia_fancy.png
.png,assets/got/textures/blocks/corn_stalk.png
.png,assets/got/textures/blocks/rice_stage_0.png
.png,assets/got/textures/blocks/berry_bush_blueberry.png
.png,assets/got/textures/blocks/wood5_orange_top.png
.png,assets/got/textures/blocks/pillar2_chalk_side.png
.png,assets/got/textures/blocks/oven_top.png
.png,assets/got/textures/blocks/clay_tile_dyed_black.png
.png,assets/got/textures/blocks/door_maple_upper.png
.png,assets/got/textures/blocks/banana_cake_top.png
.png,assets/got/textures/blocks/table_mossovy_top.png
.png,assets/got/textures/blocks/daub_top_right_inv.png
.png,assets/got/textures/blocks/bird_cage_valyrian_side.png
.png,assets/got/textures/blocks/door_aramant_upper.png
.png,assets/got/textures/blocks/coral_reef_yellow.png
.png,assets/got/textures/blocks/wood_beam_v1_oak_top.png
.png,assets/got/textures/blocks/pillar2_sothoryos_obsidian_side_middle.png
.png,assets/got/textures/blocks/cobblebrick_cob_bottom_right_inv.png
.png,assets/got/textures/blocks/wood2_banana_side.png
.png,assets/got/textures/blocks/treasure_valyrian.png
.png,assets/got/textures/blocks/wood_beam_v1_birch_top.png
.png,assets/got/textures/blocks/brick5_yi_ti_cracked.png
.png,assets/got/textures/blocks/plate_top.png
.png,assets/got/textures/blocks/millstone_top_active.png
.png,assets/got/textures/blocks/wood_beam7_aspen_side.png
.png,assets/got/textures/blocks/smooth_stone_andesite_top.png
.png,assets/got/textures/blocks/sapling6_mahogany.png
.png,assets/got/textures/blocks/planks3_kanuka.png
.png,assets/got/textures/blocks/leaves_v1_spruce_fancy.png
.png,assets/got/textures/blocks/brick2_basalt_westeros.png
.png,assets/got/textures/blocks/leaves8_palm_fast.png
.png,assets/got/textures/blocks/smooth_stone_diorite_top.png
.png,assets/got/textures/blocks/daub_base.png
.png,assets/got/textures/blocks/leaves9_kanuka_fancy.png
.png,assets/got/textures/blocks/concrete_green.png
.png,assets/got/textures/blocks/leaves7_aspen_fancy.png
.png,assets/got/textures/blocks/brick5_mud.png
.png,assets/got/textures/blocks/door_date_palm_upper.png
.png,assets/got/textures/blocks/table_tyrosh_top.png
.png,assets/got/textures/blocks/fruit_leaves_apple_fancy.png
.png,assets/got/textures/blocks/brick3_sandstone_carved.png
.png,assets/got/textures/blocks/bird_cage_copper_base.png
.png,assets/got/textures/blocks/brick1_basalt.png
.png,assets/got/textures/blocks/fruit_leaves_pear_fast.png
.png,assets/got/textures/blocks/gate_wooden_bottom_left_inv.png
.png,assets/got/textures/blocks/table_dragonstone_top.png
.png,assets/got/textures/blocks/trapdoor_acacia.png
.png,assets/got/textures/blocks/asshai_thorn.png
.png,assets/got/textures/blocks/fruit_leaves_cherry_fancy.png
.png,assets/got/textures/blocks/table_hill_tribes_side.png
.png,assets/got/textures/blocks/ore_tin.png
.png,assets/got/textures/blocks/chrysanthemum_orange.png
.png,assets/got/textures/blocks/smooth_stone_rhyolite_top.png
.png,assets/got/textures/blocks/wood3_larch_side.png
.png,assets/got/textures/blocks/wood_beam_v2_dark_oak_side.png
.png,assets/got/textures/blocks/turnip_0.png
.png,assets/got/textures/blocks/brick4_basalt_westeros_carved.png
.png,assets/got/textures/blocks/planks2_fir.png
.png,assets/got/textures/blocks/fruit_leaves_mango_fancy.png
.png,assets/got/textures/blocks/wood_beam_v1_birch_side.png
.png,assets/got/textures/blocks/planks2_aspen.png
.png,assets/got/textures/blocks/door_chestnut_lower.png
.png,assets/got/textures/blocks/brick5_yi_ti.png
.png,assets/got/textures/blocks/door_baobab_lower.png
.png,assets/got/textures/blocks/sapling8_palm.png
.png,assets/got/textures/blocks/turnip_1.png
.png,assets/got/textures/blocks/red_brick_cracked.png
.png,assets/got/textures/blocks/mirk_vines.png
.png,assets/got/textures/blocks/wood_beam9_dragon_top.png
.png,assets/got/textures/blocks/tall_grass_wheat.png
.png,assets/got/textures/blocks/leaves8_redwood_fast.png
.png,assets/got/textures/blocks/gate_wooden_bottom_right_inv.png
.png,assets/got/textures/blocks/wood_beam9_dragon_side.png
.png,assets/got/textures/blocks/thatch_reed.png
.png,assets/got/textures/blocks/pillar1_rhyolite_side_top.png
.png,assets/got/textures/blocks/wood_beam_fruit_mango_top.png
.png,assets/got/textures/blocks/berry_bush_blackberry_bare.png
.png,assets/got/textures/blocks/treasure_silver_side.png
.png,assets/got/textures/blocks/wood_beam1_ibbinia_top.png
.png,assets/got/textures/blocks/trapdoor_rotten.png
.png,assets/got/textures/blocks/pillar2_yi_ti_red_side_middle.png
.png,assets/got/textures/blocks/leaves3_larch_fancy.png
.png,assets/got/textures/blocks/trapdoor_mangrove.png
.png,assets/got/textures/blocks/concrete_powder_lime.png
.png,assets/got/textures/blocks/trapdoor_aramant.png
.png,assets/got/textures/blocks/bomb_fire_side.png
.png,assets/got/textures/blocks/planks1_banana.png
.png,assets/got/textures/blocks/leaves1_ulthos_red_fast.png
.png,assets/got/textures/blocks/door_maple_lower.png
.png,assets/got/textures/blocks/table_north_side.png
.png,assets/got/textures/blocks/leaves8_plum_fast.png
.png,assets/got/textures/blocks/pillar1_sandstone_red_side_middle.png
.png,assets/got/textures/blocks/trapdoor_lime.png
.png,assets/got/textures/blocks/wood9_weirwood_top.png
.png,assets/got/textures/blocks/wood8_palm_side.png
.png,assets/got/textures/blocks/southern_flower_red.png
.png,assets/got/textures/blocks/planks1_date_palm.png
.png,assets/got/textures/blocks/brick2_basalt_carved.png
.png,assets/got/textures/blocks/door_fotinia_upper.png
.png,assets/got/textures/blocks/wood8_redwood_side.png
.png,assets/got/textures/blocks/wood1_catalpa_top.png
.png,assets/got/textures/blocks/door_pine_upper.png
.png,assets/got/textures/blocks/cucumber_0.png
.png,assets/got/textures/blocks/pillar1_basalt_westeros_face.png
.png,assets/got/textures/blocks/door_birch_lower.png
.png,assets/got/textures/blocks/block_metal2_alloy_steel.png
.png,assets/got/textures/blocks/trapdoor_banana.png
.png,assets/got/textures/blocks/corn_stalk_corn.png
.png,assets/got/textures/blocks/door_spruce_upper.png
.png,assets/got/textures/blocks/wood4_fir_side.png
.png,assets/got/textures/blocks/leaves5_orange_fancy.png
.png,assets/got/textures/blocks/stained_glass_orange.png
.png,assets/got/textures/blocks/rock_andesite.png
.png,assets/got/textures/blocks/bird_cage_gold_top.png
.png,assets/got/textures/blocks/asshai_flower.png
.png,assets/got/textures/blocks/door_almond_upper.png
.png,assets/got/textures/blocks/pillar1_basalt_side_top.png
.png,assets/got/textures/blocks/table_summer_top.png
.png,assets/got/textures/blocks/pastry_side.png
.png,assets/got/textures/blocks/quicksand.png
.png,assets/got/textures/blocks/cobblebrick_cob_base.png
.png,assets/got/textures/blocks/door_green_oak_lower.png
.png,assets/got/textures/blocks/plantain_petal.png
.png,assets/got/textures/blocks/smooth_stone_basalt_top.png
.png,assets/got/textures/blocks/coral_reef_green.png
.png,assets/got/textures/blocks/door_mango_upper.png
.png,assets/got/textures/blocks/block_metal1_valyrian_top_right_inv.png
.png,assets/got/textures/blocks/fur_bed_head_side.png
.png,assets/got/textures/blocks/table_qohor_side.png
.png,assets/got/textures/blocks/leek_0.png
.png,assets/got/textures/blocks/smooth_stone_diorite_side.png
.png,assets/got/textures/blocks/table_dothraki_side.png
.png,assets/got/textures/blocks/wood1_charred_side.png
.png,assets/got/textures/blocks/leaves3_date_palm_fancy.png
.png,assets/got/textures/blocks/trapdoor_catalpa.png
.png,assets/got/textures/blocks/table_wildling_side.png
.png,assets/got/textures/blocks/table_qarth_side.png
.png,assets/got/textures/blocks/bone_block.png
.png,assets/got/textures/blocks/block_metal1_valyrian_bottom_left.png
.png,assets/got/textures/blocks/wood_beam4_cedar_top.png
.png,assets/got/textures/blocks/block_metal2_salt.png
.png,assets/got/textures/blocks/door_apple_upper.png
.png,assets/got/textures/blocks/wood9_dragon_top.png
.png,assets/got/textures/blocks/leaves5_lime_fast.png
.png,assets/got/textures/blocks/brick1_rhyolite.png
.png,assets/got/textures/blocks/brick1_rhyolite_side.png
.png,assets/got/textures/blocks/southern_flower_yellow.png
.png,assets/got/textures/blocks/block_gem_topaz.png
.png,assets/got/textures/blocks/pillar1_basalt_westeros_side.png
.png,assets/got/textures/blocks/white_sandstone_bottom.png
.png,assets/got/textures/blocks/valyrian_bars.png
.png,assets/got/textures/blocks/lemon_cake_top.png
.png,assets/got/textures/blocks/concrete_purple.png
.png,assets/got/textures/blocks/cobblebrick_cob_bottom.png
.png,assets/got/textures/blocks/block_metal1_valyrian_bottom.png
.png,assets/got/textures/blocks/berry_bush_blueberry_bare.png
.png,assets/got/textures/blocks/wild_fire_layer_0.png
.png,assets/got/textures/blocks/wild_fire_jar_handle_side.png
.png,assets/got/textures/blocks/pillar1_sandstone_red_face.png
.png,assets/got/textures/blocks/planks3_redwood.png
.png,assets/got/textures/blocks/date_top.png
.png,assets/got/textures/blocks/wood_beam8_pomegranate_top.png
.png,assets/got/textures/blocks/table_wildling_top.png
.png,assets/got/textures/blocks/rope.png
.png,assets/got/textures/blocks/glass_pane_top.png
.png,assets/got/textures/blocks/dirt_path_dirt.png
.png,assets/got/textures/blocks/wood_beam9_kanuka_side.png
.png,assets/got/textures/blocks/leaves6_willow_fancy.png
.png,assets/got/textures/blocks/sapling3_larch.png
.png,assets/got/textures/blocks/coral_reef_blue.png
.png,assets/got/textures/blocks/fruit_wood_pear_side.png
.png,assets/got/textures/blocks/banana_top.png
.png,assets/got/textures/blocks/daub_bottom_right.png
.png,assets/got/textures/blocks/wood5_pine_side.png
.png,assets/got/textures/blocks/lion_fur_bed_feet_end.png
.png,assets/got/textures/blocks/dead_marsh_plant.png
.png,assets/got/textures/blocks/planks3_plum.png
.png,assets/got/textures/blocks/wood_plate_top.png
.png,assets/got/textures/blocks/door_catalpa_upper.png
.png,assets/got/textures/blocks/bird_cage_wood_wood_side.png
.png,assets/got/textures/blocks/wood9_kanuka_side.png
.png,assets/got/textures/blocks/pillar2_stone_face.png
.png,assets/got/textures/blocks/kelp.png
.png,assets/got/textures/blocks/berry_bush_elderberry.png
.png,assets/got/textures/blocks/wood_beam8_plum_top.png
.png,assets/got/textures/blocks/gate_wooden_left.png
.png,assets/got/textures/blocks/wood_beam4_fir_side.png
.png,assets/got/textures/blocks/oven_side.png
.png,assets/got/textures/blocks/smooth_stone_granite_side.png
.png,assets/got/textures/blocks/bird_cage_gold_side.png
.png,assets/got/textures/blocks/planks1_holly.png
.png,assets/got/textures/blocks/pillar1_rhyolite_face.png
.png,assets/got/textures/blocks/gate_bronze_bars.png
.png,assets/got/textures/blocks/sapling3_mangrove.png
.png,assets/got/textures/blocks/dried_reeds_mid.png
.png,assets/got/textures/blocks/rice_stage_4.png
.png,assets/got/textures/blocks/rice_stage_2.png
.png,assets/got/textures/blocks/wild_fire_jar_neck_side.png
.png,assets/got/textures/blocks/trapdoor_palm.png
.png,assets/got/textures/blocks/brick1_diorite.png
.png,assets/got/textures/blocks/fur_bed_head_end.png
.png,assets/got/textures/blocks/planks3_dragon.png
.png,assets/got/textures/blocks/chandelier_asshai.png
.png,assets/got/textures/blocks/trapdoor_date_palm.png
.png,assets/got/textures/blocks/pillar2_stone_side_middle.png
.png,assets/got/textures/blocks/smooth_stone_chalk_top.png
.png,assets/got/textures/blocks/grapevine_red_vine.png
.png,assets/got/textures/blocks/pillar2_yi_ti_red_side_bottom.png
.png,assets/got/textures/blocks/door_plum_upper.png
.png,assets/got/textures/blocks/planks1_pear.png
.png,assets/got/textures/blocks/door_kanuka_upper.png
.png,assets/got/textures/blocks/pillar1_rhyolite_side_middle.png
.png,assets/got/textures/blocks/chain_top.png
.png,assets/got/textures/blocks/stained_glass_yellow.png
.png,assets/got/textures/blocks/tall_grass_nettle.png
.png,assets/got/textures/blocks/trapdoor_holly.png
.png,assets/got/textures/blocks/wood4_baobab_top.png
.png,assets/got/textures/blocks/wood4_baobab_side.png
.png,assets/got/textures/blocks/block_gem_opal.png
.png,assets/got/textures/blocks/sapling9_kanuka.png
.png,assets/got/textures/blocks/leek_3.png
.png,assets/got/textures/blocks/apple_crumble_inner.png
.png,assets/got/textures/blocks/brick6_yi_ti_granite.png
.png,assets/got/textures/blocks/pillar1_andesite_side_bottom.png
.png,assets/got/textures/blocks/leaves5_pine_fancy.png
.png,assets/got/textures/blocks/gate_wooden_top_right.png
.png,assets/got/textures/blocks/leaves1_ibbinia_fancy.png
.png,assets/got/textures/blocks/ore_gem_topaz.png
.png,assets/got/textures/blocks/door_date_palm_lower.png
.png,assets/got/textures/blocks/wood5_lime_side.png
.png,assets/got/textures/blocks/pillar1_diorite_side_bottom.png
.png,assets/got/textures/blocks/leaves3_larch_fast.png
.png,assets/got/textures/blocks/hearth_bottom.png
.png,assets/got/textures/blocks/lemon_cake_bottom.png
.png,assets/got/textures/blocks/door_green_oak_upper.png
.png,assets/got/textures/blocks/door_cherry_lower.png
.png,assets/got/textures/blocks/red_sandstone_bottom.png
.png,assets/got/textures/blocks/brick4_chalk.png
.png,assets/got/textures/blocks/planks2_pine.png
.png,assets/got/textures/blocks/trapdoor_dark_oak.png
.png,assets/got/textures/blocks/pillar2_yi_ti_red_face.png
.png,assets/got/textures/blocks/leaves7_green_oak_fast.png
.png,assets/got/textures/blocks/wood_beam5_lemon_top.png
.png,assets/got/textures/blocks/sapling5_lime.png
.png,assets/got/textures/blocks/wood4_cedar_side.png
.png,assets/got/textures/blocks/wood_beam7_fotinia_side.png
.png,assets/got/textures/blocks/fur_bed_feet_side.png
.png,assets/got/textures/blocks/grapevine_white_grapes.png
.png,assets/got/textures/blocks/pillar2_labradorite_side_top.png
.png,assets/got/textures/blocks/door_lime_lower.png
.png,assets/got/textures/blocks/reeds_upper.png
.png,assets/got/textures/blocks/alloy_forge_top.png
.png,assets/got/textures/blocks/millstone_top.png
.png,assets/got/textures/blocks/leaves_v1_spruce_fast.png
.png,assets/got/textures/blocks/door_birch_upper.png
.png,assets/got/textures/blocks/brick4_sandstone_lapis.png
.png,assets/got/textures/blocks/block_metal1_valyrian_bottom_right.png
.png,assets/got/textures/blocks/wood_beam7_green_oak_top.png
.png,assets/got/textures/blocks/planks2_lime.png
.png,assets/got/textures/blocks/chandelier_gold.png
.png,assets/got/textures/blocks/berry_bush_raspberry.png
.png,assets/got/textures/blocks/wood_beam4_chestnut_top.png
.png,assets/got/textures/blocks/pillar1_diorite_side_top.png
.png,assets/got/textures/blocks/wood_beam5_orange_top.png
.png,assets/got/textures/blocks/concrete_powder_purple.png
.png,assets/got/textures/blocks/door_pine_lower.png
.png,assets/got/textures/blocks/quendite_grass.png
.png,assets/got/textures/blocks/wood_beam2_holly_side.png
.png,assets/got/textures/blocks/wood_beam2_beech_top.png
.png,assets/got/textures/blocks/ore_gem_opal.png
.png,assets/got/textures/blocks/treasure_copper_side.png
.png,assets/got/textures/blocks/fur_bed_head_top.png
.png,assets/got/textures/blocks/bird_cage_bronze_base.png
.png,assets/got/textures/blocks/clay_tile.png
.png,assets/got/textures/blocks/door_baobab_upper.png
.png,assets/got/textures/blocks/wood8_pomegranate_top.png
.png,assets/got/textures/blocks/yam_3.png
.png,assets/got/textures/blocks/pillar2_brick_side_top.png
.png,assets/got/textures/blocks/pillar2_sothoryos_obsidian_face.png
.png,assets/got/textures/blocks/alloy_forge_side.png
.png,assets/got/textures/blocks/grapevine.png
.png,assets/got/textures/blocks/wood5_orange_side.png
.png,assets/got/textures/blocks/brick1_basalt_cracked.png
.png,assets/got/textures/blocks/wood1_ibbinia_side.png
.png,assets/got/textures/blocks/white_sand.png
.png,assets/got/textures/blocks/block_gem_emerald.png
.png,assets/got/textures/blocks/block_metal1_valyrian.png
.png,assets/got/textures/blocks/ore_gem_amber.png
.png,assets/got/textures/blocks/waste_block_var3.png
.png,assets/got/textures/blocks/waste_block_var6.png
.png,assets/got/textures/blocks/wood_beam1_charred_top.png
.png,assets/got/textures/blocks/table_lorath_side.png
.png,assets/got/textures/blocks/wood_beam3_date_palm_side.png
.png,assets/got/textures/blocks/brick1_andesite_carved.png
.png,assets/got/textures/blocks/wild_fire_jar_lid_top.png
.png,assets/got/textures/blocks/fruit_wood_apple_top.png
.png,assets/got/textures/blocks/planks3_pomegranate.png
.png,assets/got/textures/blocks/sapling9_dragon.png
.png,assets/got/textures/blocks/leaves_v1_jungle_fancy.png
.png,assets/got/textures/blocks/wood_beam1_charred_side.png
.png,assets/got/textures/blocks/trapdoor_maple.png
.png,assets/got/textures/blocks/trapdoor_mahogany.png
.png,assets/got/textures/blocks/wood_beam6_olive_side.png
.png,assets/got/textures/blocks/coral_reef_red.png
.png,assets/got/textures/blocks/ore_glowstone.png
.png,assets/got/textures/blocks/pillar1_andesite_side_middle.png
.png,assets/got/textures/blocks/sapling9_weirwood.png
.png,assets/got/textures/blocks/door_weirwood_upper.png
.png,assets/got/textures/blocks/leaves6_mahogany_fancy.png
.png,assets/got/textures/blocks/pastry_bottom.png
.png,assets/got/textures/blocks/southern_flower_red_a_l_t.png
.png,assets/got/textures/blocks/pillar2_sothoryos_obsidian_side_bottom.png
.png,assets/got/textures/blocks/daub_bottom_right_inv.png
.png,assets/got/textures/blocks/planks2_chestnut.png
.png,assets/got/textures/blocks/block_metal1_valyrian_top_left_inv.png
.png,assets/got/textures/blocks/trapdoor_fir.png
.png,assets/got/textures/blocks/waste_block_var1.png
.png,assets/got/textures/blocks/wood_beam6_olive_top.png
.png,assets/got/textures/blocks/trapdoor_weirwood.png
.png,assets/got/textures/blocks/leaves4_chestnut_fast.png
.png,assets/got/textures/blocks/brick5_yi_ti_flowers.png
.png,assets/got/textures/blocks/trapdoor_pomegranate.png
.png,assets/got/textures/blocks/brick4_sothoryos_obsidian.png
.png,assets/got/textures/blocks/door_jungle_upper.png
.png,assets/got/textures/blocks/trapdoor_ulthos.png
.png,assets/got/textures/blocks/arid_grass.png
.png,assets/got/textures/blocks/bronze_bars.png
.png,assets/got/textures/blocks/red_sandstone.png
.png,assets/got/textures/blocks/table_westerlands_side.png
.png,assets/got/textures/blocks/table_hill_tribes_top.png
.png,assets/got/textures/blocks/pillar2_sothoryos_gold_side.png
.png,assets/got/textures/blocks/pillar2_stone_side_bottom.png
.png,assets/got/textures/blocks/rotten_log_rotten_side.png
.png,assets/got/textures/blocks/pillar2_yi_ti_side.png
.png,assets/got/textures/blocks/mud_farmland_wet.png
.png,assets/got/textures/blocks/table_asshai_top.png
.png,assets/got/textures/blocks/planks2_willow.png
.png,assets/got/textures/blocks/tall_grass_thistle_overlay.png
.png,assets/got/textures/blocks/table_lorath_top.png
.png,assets/got/textures/blocks/stained_glass_brown.png
.png,assets/got/textures/blocks/waste_block_var0.png
.png,assets/got/textures/blocks/ice_brick.png
.png,assets/got/textures/blocks/door_lemon_lower.png
.png,assets/got/textures/blocks/pillar1_sandstone_red_side_top.png
.png,assets/got/textures/blocks/sapling8_pomegranate.png
.png,assets/got/textures/blocks/leaves1_catalpa_fancy.png
.png,assets/got/textures/blocks/clover_stem.png
.png,assets/got/textures/blocks/berry_bush_cranberry_bare.png
.png,assets/got/textures/blocks/reeds_lower.png
.png,assets/got/textures/blocks/brick4_sothoryos_mossy.png
.png,assets/got/textures/blocks/wood_beam1_ulthos_side.png
.png,assets/got/textures/blocks/door_weirwood_lower.png
.png,assets/got/textures/blocks/lion_fur_bed_feet_top.png
.png,assets/got/textures/blocks/wood4_fir_top.png
.png,assets/got/textures/blocks/marzipan_block_top.png
.png,assets/got/textures/blocks/leaves8_palm_fancy.png
.png,assets/got/textures/blocks/leaves8_pomegranate_fast.png
.png,assets/got/textures/blocks/pillar2_chalk_side_top.png
.png,assets/got/textures/blocks/bird_cage_iron_side.png
.png,assets/got/textures/blocks/block_gem_pearl.png
.png,assets/got/textures/blocks/smooth_stone_chalk_side.png
.png,assets/got/textures/blocks/daub_right.png
.png,assets/got/textures/blocks/door_beech_upper.png
.png,assets/got/textures/blocks/leaves3_mangrove_fancy.png
.png,assets/got/textures/blocks/wood_beam_fruit_mango_side.png
.png,assets/got/textures/blocks/pillar2_labradorite_side.png
.png,assets/got/textures/blocks/table_dothraki_top.png
.png,assets/got/textures/blocks/sapling3_date_palm.png
.png,assets/got/textures/blocks/pillar1_rhyolite_side.png
.png,assets/got/textures/blocks/block_metal1_valyrian_bottom_left_inv.png
.png,assets/got/textures/blocks/yam_0.png
.png,assets/got/textures/blocks/clay_tile_dyed_blue.png
.png,assets/got/textures/blocks/leaves8_redwood_fancy.png
.png,assets/got/textures/blocks/marzipan_block_bottom.png
.png,assets/got/textures/blocks/tall_grass_wheat_overlay.png
.png,assets/got/textures/blocks/pillar1_basalt_face.png
.png,assets/got/textures/blocks/smooth_stone_basalt_side.png
.png,assets/got/textures/blocks/wood7_almond_top.png
.png,assets/got/textures/blocks/table_ghiscar_side.png
.png,assets/got/textures/blocks/clay_tile_dyed_silver.png
.png,assets/got/textures/blocks/leaves6_cypress_fast.png
.png,assets/got/textures/blocks/wood4_chestnut_side.png
.png,assets/got/textures/blocks/leaves4_baobab_fast.png
.png,assets/got/textures/blocks/trapdoor_birch.png
.png,assets/got/textures/blocks/brick6_yi_ti_granite_carved.png
.png,assets/got/textures/blocks/sapling4_cedar.png
.png,assets/got/textures/blocks/flax_2.png
.png,assets/got/textures/blocks/clay_tile_dyed_brown.png
.png,assets/got/textures/blocks/pillar1_granite_side_middle.png
.png,assets/got/textures/blocks/cobblebrick_cob_bottom_left.png
.png,assets/got/textures/blocks/chandelier_silver.png
.png,assets/got/textures/blocks/pillar2_brick_side.png
.png,assets/got/textures/blocks/wood_beam_fruit_cherry_side.png
.png,assets/got/textures/blocks/wood_plate_base.png
.png,assets/got/textures/blocks/daub_top.png
.png,assets/got/textures/blocks/asshai_dirt.png
.png,assets/got/textures/blocks/concrete_powder_cyan.png
.png,assets/got/textures/blocks/brick6_labradorite_cracked.png
.png,assets/got/textures/blocks/table_arryn_side.png
.png,assets/got/textures/blocks/gate_wooden_bars.png
.png,assets/got/textures/blocks/stained_glass_silver.png
.png,assets/got/textures/blocks/daub_top_left_inv.png
.png,assets/got/textures/blocks/pastry_top.png
.png,assets/got/textures/blocks/banana_cake_inner.png
.png,assets/got/textures/blocks/wood_beam_v1_spruce_top.png
.png,assets/got/textures/blocks/cobblebrick_cob_bottom_right.png
.png,assets/got/textures/blocks/door_ulthos_lower.png
.png,assets/got/textures/blocks/pillar2_stone_side.png
.png,assets/got/textures/blocks/stained_glass_blue.png
.png,assets/got/textures/blocks/stained_glass_white.png
.png,assets/got/textures/blocks/stained_glass_cyan.png
.png,assets/got/textures/blocks/leaves6_mahogany_fast.png
.png,assets/got/textures/blocks/clay_tile_dyed_lime.png
.png,assets/got/textures/blocks/waste_block_var5.png
.png,assets/got/textures/blocks/planks1_mango.png
.png,assets/got/textures/blocks/door_cedar_lower.png
.png,assets/got/textures/blocks/planks2_orange.png
.png,assets/got/textures/blocks/table_pentos_top.png
.png,assets/got/textures/blocks/leaves6_olive_fast.png
.png,assets/got/textures/blocks/table_stormlands_side.png
.png,assets/got/textures/blocks/leaves1_ulthos_red_fancy.png
.png,assets/got/textures/blocks/table_volantis_side.png
.png,assets/got/textures/blocks/trapdoor_pear.png
.png,assets/got/textures/blocks/bird_cage_iron_top.png
.png,assets/got/textures/blocks/trapdoor_mango.png
.png,assets/got/textures/blocks/ore_copper.png
.png,assets/got/textures/blocks/pine_door_lower.png
.png,assets/got/textures/blocks/planks2_lemon.png
.png,assets/got/textures/blocks/apple_crumble_bottom.png
.png,assets/got/textures/blocks/clay_tile_dyed_white.png
.png,assets/got/textures/blocks/ore_gem_diamond.png
.png,assets/got/textures/blocks/concrete_powder_brown.png
.png,assets/got/textures/blocks/straw_bed_feet_end.png
.png,assets/got/textures/blocks/leaves9_kanuka_fast.png
.png,assets/got/textures/blocks/clay_tile_dyed_magenta.png
.png,assets/got/textures/blocks/gate_wooden_base.png
.png,assets/got/textures/blocks/sapling4_fir.png
.png,assets/got/textures/blocks/brick1_andesite.png
.png,assets/got/textures/blocks/wood_beam2_aramant_side.png
.png,assets/got/textures/blocks/cucumber_1.png
.png,assets/got/textures/blocks/fruit_sapling_pear.png
.png,assets/got/textures/blocks/planks2_almond.png
.png,assets/got/textures/blocks/wood_beam2_holly_top.png
.png,assets/got/textures/blocks/leaves1_ulthos_fancy.png
.png,assets/got/textures/blocks/pipeweed_1.png
.png,assets/got/textures/blocks/flax_1.png
.png,assets/got/textures/blocks/table_lys_top.png
.png,assets/got/textures/blocks/sapling8_plum.png
.png,assets/got/textures/blocks/hearth_side.png
.png,assets/got/textures/blocks/pillar1_diorite_side.png
.png,assets/got/textures/blocks/concrete_powder_white.png
.png,assets/got/textures/blocks/leaves_v1_jungle_fast.png
.png,assets/got/textures/blocks/wood_beam1_catalpa_top.png
.png,assets/got/textures/blocks/gate_wooden_top_left.png
.png,assets/got/textures/blocks/concrete_magenta.png
.png,assets/got/textures/blocks/wood_beam7_fotinia_top.png
.png,assets/got/textures/blocks/cobblebrick_cob_top_left_inv.png
.png,assets/got/textures/blocks/trapdoor_dragon.png
.png,assets/got/textures/blocks/pillar1_sandstone_red_side_bottom.png
.png,assets/got/textures/blocks/trapdoor_olive.png
.png,assets/got/textures/blocks/block_metal1_silver.png
.png,assets/got/textures/blocks/table_ibben_top.png
.png,assets/got/textures/blocks/table_dorne_side.png
.png,assets/got/textures/blocks/brick1_andesite_cracked.png
.png,assets/got/textures/blocks/command_table_side.png
.png,assets/got/textures/blocks/stained_glass_gray.png
.png,assets/got/textures/blocks/berry_pie_inner.png
.png,assets/got/textures/blocks/turnip_3.png
.png,assets/got/textures/blocks/wood_beam6_cypress_side.png
.png,assets/got/textures/blocks/tall_grass_flower_overlay.png
.png,assets/got/textures/blocks/planks1_maple.png
.png,assets/got/textures/blocks/table_jogos_nhai_top.png
.png,assets/got/textures/blocks/pillar2_yi_ti_side_top.png
.png,assets/got/textures/blocks/brick5_yi_ti_carved.png
.png,assets/got/textures/blocks/double_flower_pink_top.png
.png,assets/got/textures/blocks/plant_seaweed.png
.png,assets/got/textures/blocks/sapling9_oak.png
.png,assets/got/textures/blocks/pillar2_yi_ti_red_side.png
.png,assets/got/textures/blocks/berry_bush_wildberry.png
.png,assets/got/textures/blocks/pillar1_andesite_face.png
.png,assets/got/textures/blocks/block_metal1_valyrian_top_left.png
.png,assets/got/textures/blocks/block_metal1_valyrian_top.png
.png,assets/got/textures/blocks/wild_fire_jar_base_bottom.png
.png,assets/got/textures/blocks/thatch_floor.png
.png,assets/got/textures/blocks/rock_diorite.png
.png,assets/got/textures/blocks/block_gem_sapphire.png
.png,assets/got/textures/blocks/door_plum_lower.png
.png,assets/got/textures/blocks/concrete_cyan.png
.png,assets/got/textures/blocks/rice_stage_7.png
.png,assets/got/textures/blocks/trapdoor_lemon.png
.png,assets/got/textures/blocks/double_flower_black_iris_bottom.png
.png,assets/got/textures/blocks/cobblebrick_cob_left.png
.png,assets/got/textures/blocks/leaves9_dragon_fast.png
.png,assets/got/textures/blocks/concrete_powder_black.png
.png,assets/got/textures/blocks/ore_gem_sapphire.png
.png,assets/got/textures/blocks/stained_glass_black.png
.png,assets/got/textures/blocks/plantain_stem.png
.png,assets/got/textures/blocks/trapdoor_spruce.png
.png,assets/got/textures/blocks/planks2_fotinia.png
.png,assets/got/textures/blocks/wild_fire_jar_lid_bottom.png
.png,assets/got/textures/blocks/leaves3_date_palm_fast.png
.png,assets/got/textures/blocks/leaves_v2_dark_oak_fancy.png
.png,assets/got/textures/blocks/treasure_silver.png
.png,assets/got/textures/blocks/block_gem_amber.png
.png,assets/got/textures/blocks/pillar2_sothoryos_gold_side_top.png
.png,assets/got/textures/blocks/block_metal1_saltpeter.png
.png,assets/got/textures/blocks/door_apple_lower.png
.png,assets/got/textures/blocks/oven_front.png
.png,assets/got/textures/blocks/pillar1_granite_side.png
.png,assets/got/textures/blocks/brick6_labradorite.png
.png,assets/got/textures/blocks/smooth_stone_labradorite_side.png
.png,assets/got/textures/blocks/ore_gem_amethyst.png
.png,assets/got/textures/blocks/pillar1_basalt_westeros_side_top.png
.png,assets/got/textures/blocks/door_charred_lower.png
.png,assets/got/textures/blocks/table_lhazar_top.png
.png,assets/got/textures/blocks/pillar2_sothoryos_gold_side_bottom.png
.png,assets/got/textures/blocks/iron_bank_side.png
.png,assets/got/textures/blocks/planks2_baobab.png
.png,assets/got/textures/blocks/ulthos_torch.png
.png,assets/got/textures/blocks/trapdoor_chestnut.png
.png,assets/got/textures/blocks/table_qohor_top.png
.png,assets/got/textures/blocks/table_yi_ti_side.png
.png,assets/got/textures/blocks/wood7_aspen_side.png
.png,assets/got/textures/blocks/clay_tile_dyed_pink.png
.png,assets/got/textures/blocks/rice_stage_5.png
.png,assets/got/textures/blocks/block_metal1_valyrian_right.png
.png,assets/got/textures/blocks/pillar2_sothoryos_gold_side_middle.png
.png,assets/got/textures/blocks/ore_valyrian.png
.png,assets/got/textures/blocks/gate_valyrian_bars.png
.png,assets/got/textures/blocks/asshai_grass.png
.png,assets/got/textures/blocks/wood_beam1_ulthos_top.png
.png,assets/got/textures/blocks/table_gift_side.png
.png,assets/got/textures/blocks/banana_side.png
.png,assets/got/textures/blocks/leaves2_beech_fancy.png
.png,assets/got/textures/blocks/leaves1_ulthos_fast.png
.png,assets/got/textures/blocks/wood_beam8_plum_side.png
.png,assets/got/textures/blocks/door_ulthos_upper.png
.png,assets/got/textures/blocks/wood5_pine_top.png
.png,assets/got/textures/blocks/door_rotten_lower.png
.png,assets/got/textures/blocks/berry_bush_elderberry_bare.png
.png,assets/got/textures/blocks/wood5_lemon_side.png
.png,assets/got/textures/blocks/leaves5_pine_fast.png
.png,assets/got/textures/blocks/clover_petal.png
.png,assets/got/textures/blocks/table_dorne_top.png
.png,assets/got/textures/blocks/straw_bed_head_side.png
.png,assets/got/textures/blocks/rock_basalt.png
.png,assets/got/textures/blocks/concrete_silver.png
.png,assets/got/textures/blocks/double_flower_yellow_iris_top.png
.png,assets/got/textures/blocks/pillar2_yi_ti_side_bottom.png
.png,assets/got/textures/blocks/leaves3_maple_fancy.png
.png,assets/got/textures/blocks/termite_mound.png
.png,assets/got/textures/blocks/sapling7_aspen.png
.png,assets/got/textures/blocks/pillar1_basalt_side.png
.png,assets/got/textures/blocks/mud_farmland_dry.png
.png,assets/got/textures/blocks/table_myr_top.png
.png,assets/got/textures/blocks/table_tyrosh_side.png
.png,assets/got/textures/blocks/gate_silver_bars.png
.png,assets/got/textures/blocks/cherry_pie_bottom.png
.png,assets/got/textures/blocks/door_almond_lower.png
.png,assets/got/textures/blocks/quagmire.png
.png,assets/got/textures/blocks/fuse_top.png
.png,assets/got/textures/blocks/ore_silver.png
.png,assets/got/textures/blocks/wood8_redwood_top.png
.png,assets/got/textures/blocks/leaves7_green_oak_fancy.png
.png,assets/got/textures/blocks/leaves2_holly_fast.png
.png,assets/got/textures/blocks/wood_beam3_larch_side.png
.png,assets/got/textures/blocks/ore_gem_emerald.png
.png,assets/got/textures/blocks/clay_tile_dyed_gray.png
.png,assets/got/textures/blocks/concrete_powder_blue.png
.png,assets/got/textures/blocks/stained_glass_purple.png
.png,assets/got/textures/blocks/brick1_sandstone.png
.png,assets/got/textures/blocks/pillar1_basalt_westeros_side_bottom.png
.png,assets/got/textures/blocks/sapling5_orange.png
.png,assets/got/textures/blocks/table_reach_side.png
.png,assets/got/textures/blocks/sarbacane_trap_obsidian_face.png
.png,assets/got/textures/blocks/chain_mid.png
.png,assets/got/textures/blocks/stained_glass_red.png
.png,assets/got/textures/blocks/wood2_beech_top.png
.png,assets/got/textures/blocks/door_dark_oak_lower.png
.png,assets/got/textures/blocks/pillar1_sandstone_side_middle.png
.png,assets/got/textures/blocks/trapdoor_fotinia.png
.png,assets/got/textures/blocks/apple_crumble_top.png
.png,assets/got/textures/blocks/wood7_green_oak_top.png
.png,assets/got/textures/blocks/leaves9_weirwood_fast.png
.png,assets/got/textures/blocks/pillar2_brick_side_middle.png
.png,assets/got/textures/blocks/rock_granite.png
.png,assets/got/textures/blocks/wood6_olive_side.png
.png,assets/got/textures/blocks/wood8_plum_top.png
.png,assets/got/textures/blocks/leaves4_baobab_fancy.png
.png,assets/got/textures/blocks/door_acacia_upper.png
.png,assets/got/textures/blocks/trapdoor_baobab.png
.png,assets/got/textures/blocks/pillar1_basalt_side_bottom.png
.png,assets/got/textures/blocks/leaves9_dragon_fancy.png
.png,assets/got/textures/blocks/planks1_catalpa.png
.png,assets/got/textures/blocks/leaves9_weirwood_fancy.png
.png,assets/got/textures/blocks/planks1_mangrove.png
.png,assets/got/textures/blocks/double_flower_yellow_iris_bottom.png
.png,assets/got/textures/blocks/table_braavos_top.png
.png,assets/got/textures/blocks/pillar1_diorite_side_middle.png
.png,assets/got/textures/blocks/planks2_green_oak.png
.png,assets/got/textures/blocks/wood2_aramant_side.png
.png,assets/got/textures/blocks/concrete_powder_light_blue.png
.png,assets/got/textures/blocks/fruit_leaves_pear_fancy.png
.png,assets/got/textures/blocks/lettuce_1.png
.png,assets/got/textures/blocks/chrysanthemum_blue.png
.png,assets/got/textures/blocks/planks1_ibbinia.png
.png,assets/got/textures/blocks/straw_bed_feet_side.png
.png,assets/got/textures/blocks/waste_block_var2.png
.png,assets/got/textures/blocks/pillar2_brick_side_bottom.png
.png,assets/got/textures/blocks/leaves5_orange_fast.png
.png,assets/got/textures/blocks/wood_beam_fruit_pear_top.png
.png,assets/got/textures/blocks/leaves_v2_dark_oak_fast.png
.png,assets/got/textures/blocks/wood_beam7_almond_side.png
.png,assets/got/textures/blocks/rock_chalk.png
.png,assets/got/textures/blocks/chrysanthemum_yellow.png
.png,assets/got/textures/blocks/wood6_olive_top.png
.png,assets/got/textures/blocks/gate_wooden_bottom.png
.png,assets/got/textures/blocks/wood_beam5_pine_top.png
.png,assets/got/textures/blocks/millstone_side.png
.png,assets/got/textures/blocks/wood_beam3_mangrove_top.png
.png,assets/got/textures/blocks/berry_pie_top.png
.png,assets/got/textures/blocks/block_metal1_bronze.png
.png,assets/got/textures/blocks/leaves2_banana_fast.png
.png,assets/got/textures/blocks/wood6_cypress_side.png
.png,assets/got/textures/blocks/wood_beam_rotten_rotten_top.png
.png,assets/got/textures/blocks/plate_base.png
.png,assets/got/textures/blocks/pillar1_sandstone_face.png
.png,assets/got/textures/blocks/chandelier_valyrian.png
.png,assets/got/textures/blocks/treasure_gold_side.png
.png,assets/got/textures/blocks/tall_grass_short.png
.png,assets/got/textures/blocks/double_flower_black_iris_top.png
.png,assets/got/textures/blocks/door_larch_lower.png
.png,assets/got/textures/blocks/sapling4_baobab.png
.png,assets/got/textures/blocks/door_fir_lower.png
.png,assets/got/textures/blocks/table_norvos_side.png
.png,assets/got/textures/blocks/leaves6_olive_fancy.png
.png,assets/got/textures/blocks/brick3_lhazar.png
.png,assets/got/textures/blocks/door_beech_lower.png
.png,assets/got/textures/blocks/block_metal1_sulfur.png
.png,assets/got/textures/blocks/lion_fur_bed_feet_side.png
.png,assets/got/textures/blocks/block_metal1_valyrian_top_right.png
.png,assets/got/textures/blocks/trapdoor_beech.png
.png,assets/got/textures/blocks/brick6_labradorite_mossy.png
.png,assets/got/textures/blocks/sapling6_cypress.png
.png,assets/got/textures/blocks/fruit_wood_mango_side.png
.png,assets/got/textures/blocks/table_myr_side.png
.png,assets/got/textures/blocks/concrete_powder_pink.png
.png,assets/got/textures/blocks/wood_beam1_catalpa_side.png
.png,assets/got/textures/blocks/table_lys_side.png
.png,assets/got/textures/blocks/leaves5_lemon_fancy.png
.png,assets/got/textures/blocks/cobblebrick_cob_top_right_inv.png
.png,assets/got/textures/blocks/door_aspen_upper.png
.png,assets/got/textures/blocks/brick3_sandstone_cracked.png
.png,assets/got/textures/blocks/trapdoor_cypress.png
.png,assets/got/textures/blocks/wood_beam_fruit_apple_side.png
.png,assets/got/textures/blocks/bird_cage_iron_base.png
.png,assets/got/textures/blocks/door_willow_lower.png
.png,assets/got/textures/blocks/wood8_plum_side.png
.png,assets/got/textures/blocks/door_lime_upper.png
.png,assets/got/textures/blocks/barrier.png
.png,assets/got/textures/blocks/berry_pie_side.png
.png,assets/got/textures/blocks/wood3_date_palm_side.png
.png,assets/got/textures/blocks/block_gem_amethyst.png
.png,assets/got/textures/blocks/pillar1_basalt_westeros_side_middle.png
.png,assets/got/textures/blocks/kebab_block.png
.png,assets/got/textures/blocks/leaves_snowy.png
.png,assets/got/textures/blocks/pillar1_sothoryos_face.png
.png,assets/got/textures/blocks/sapling7_green_oak.png
.png,assets/got/textures/blocks/wood5_lime_top.png
.png,assets/got/textures/blocks/concrete_blue.png
.png,assets/got/textures/blocks/door_aspen_lower.png
.png,assets/got/textures/blocks/wood2_banana_top.png
.png,assets/got/textures/blocks/scorched_stone.png
.png,assets/got/textures/blocks/treasure_gold.png
.png,assets/got/textures/blocks/door_chestnut_upper.png
.png,assets/got/textures/blocks/wood_beam3_larch_top.png
.png,assets/got/textures/blocks/clay_tile_dyed_orange.png
.png,assets/got/textures/blocks/chandelier_bronze.png
.png,assets/got/textures/blocks/wood_beam7_aspen_top.png
.png,assets/got/textures/blocks/door_lemon_upper.png
.png,assets/got/textures/blocks/brick6_yi_ti_gold.png
.png,assets/got/textures/blocks/mud_grass_side.png
.png,assets/got/textures/blocks/wood_beam2_beech_side.png
.png,assets/got/textures/blocks/clay_tile_dyed_green.png
.png,assets/got/textures/blocks/table_summer_side.png
.png,assets/got/textures/blocks/concrete_light_blue.png
.png,assets/got/textures/blocks/waste_block_var7.png
.png,assets/got/textures/blocks/sapling6_willow.png
.png,assets/got/textures/blocks/concrete_powder_gray.png
.png,assets/got/textures/blocks/wood_beam5_pine_side.png
.png,assets/got/textures/blocks/leaves1_catalpa_fast.png
.png,assets/got/textures/blocks/wood7_fotinia_top.png
.png,assets/got/textures/blocks/wood_beam8_palm_side.png
.png,assets/got/textures/blocks/basalt_gravel.png
.png,assets/got/textures/blocks/planks1_charred.png
.png,assets/got/textures/blocks/leek_1.png
.png,assets/got/textures/blocks/fruit_sapling_mango.png
.png,assets/got/textures/blocks/ore_salt.png
.png,assets/got/textures/blocks/flax_plant.png
.png,assets/got/textures/blocks/leaves7_aspen_fast.png
.png,assets/got/textures/blocks/door_cedar_upper.png
.png,assets/got/textures/blocks/cobblebrick_cob_top.png
.png,assets/got/textures/blocks/table_pentos_side.png
.png,assets/got/textures/blocks/wood_beam4_baobab_side.png
.png,assets/got/textures/blocks/pillar2_yi_ti_side_middle.png
.png,assets/got/textures/blocks/pillar1_andesite_side_top.png
.png,assets/got/textures/blocks/pillar1_sandstone_side_bottom.png
.png,assets/got/textures/blocks/planks1_cherry.png
.png,assets/got/textures/blocks/bomb_fire_top.png
.png,assets/got/textures/blocks/cobblebrick_cob_top_left.png
.png,assets/got/textures/blocks/fruit_sapling_cherry.png
.png,assets/got/textures/blocks/planks2_cypress.png
.png,assets/got/textures/blocks/leaves2_beech_fast.png
.png,assets/got/textures/blocks/brick6_labradorite_carved.png
.png,assets/got/textures/blocks/pillar2_sothoryos_obsidian_side_top.png
.png,assets/got/textures/blocks/pillar2_labradorite_side_middle.png
.png,assets/got/textures/blocks/brick3_sandstone_red.png
.png,assets/got/textures/blocks/trapdoor_kanuka.png
.png,assets/got/textures/blocks/pipeweed_2.png
.png,assets/got/textures/blocks/wood_beam_fruit_apple_top.png
.png,assets/got/textures/blocks/fuse_bottom.png
.png,assets/got/textures/blocks/mud_grass_top.png
.png,assets/got/textures/blocks/block_metal2_gilded_iron.png
.png,assets/got/textures/blocks/daub_bottom.png
.png,assets/got/textures/blocks/leaves_v1_birch_fast.png
.png,assets/got/textures/blocks/wood_beam6_mahogany_side.png
.png,assets/got/textures/blocks/brick2_granite.png
.png,assets/got/textures/blocks/wood7_almond_side.png
.png,assets/got/textures/blocks/planks2_olive.png
.png,assets/got/textures/blocks/sapling1_catalpa.png
.png,assets/got/textures/blocks/planks3_weirwood.png
.png,assets/got/textures/blocks/wood6_willow_top.png
.png,assets/got/textures/blocks/table_riverlands_side.png
.png,assets/got/textures/blocks/date_side.png
.png,assets/got/textures/blocks/trapdoor_larch.png
.png,assets/got/textures/blocks/wood_beam_rotten_rotten_side.png
.png,assets/got/textures/blocks/concrete_white.png
.png,assets/got/textures/blocks/lettuce_2.png
.png,assets/got/textures/blocks/table_reach_top.png
.png,assets/got/textures/blocks/planks3_palm.png
.png,assets/got/textures/blocks/pillar2_labradorite_side_bottom.png
.png,assets/got/textures/blocks/door_catalpa_lower.png
.png,assets/got/textures/blocks/door_banana_upper.png
.png,assets/got/textures/blocks/double_flower_red_top.png
.png,assets/got/textures/blocks/concrete_yellow.png
.png,assets/got/textures/blocks/brick4_sothoryos_cracked.png
.png,assets/got/textures/blocks/banana_cake_bottom.png
.png,assets/got/textures/blocks/trapdoor_redwood.png
.png,assets/got/textures/blocks/bird_cage_copper_top.png
.png,assets/got/textures/blocks/door_cypress_lower.png
.png,assets/got/textures/blocks/concrete_powder_orange.png
.png,assets/got/textures/blocks/wood_beam4_cedar_side.png
.png,assets/got/textures/blocks/alloy_forge_active.png
.png,assets/got/textures/blocks/wood_beam5_orange_side.png
.png,assets/got/textures/blocks/concrete_powder_yellow.png
.png,assets/got/textures/blocks/wild_fire_layer_1.png
.png,assets/got/textures/blocks/sarbacane_trap_gold_face.png
.png,assets/got/textures/blocks/bird_cage_silver_base.png
.png,assets/got/textures/blocks/smooth_stone_andesite_side.png
.png,assets/got/textures/blocks/table_jogos_nhai_side.png
.png,assets/got/textures/blocks/wood6_cypress_top.png
.png,assets/got/textures/blocks/wood_beam2_banana_top.png
.png,assets/got/textures/blocks/stained_glass_lime.png
.png,assets/got/textures/blocks/wood_beam2_banana_side.png
.png,assets/got/textures/blocks/trapdoor_jungle.png
.png,assets/got/textures/blocks/planks1_beech.png
.png,assets/got/textures/blocks/dried_reeds_upper.png
.png,assets/got/textures/blocks/wood4_chestnut_top.png
.png,assets/got/textures/blocks/tall_grass_thistle.png
.png,assets/got/textures/blocks/glass.png
.png,assets/got/textures/blocks/wood_beam_v2_acacia_side.png
.png,assets/got/textures/blocks/table_ironborn_top.png
.png,assets/got/textures/blocks/white_sandstone.png
.png,assets/got/textures/blocks/door_larch_upper.png
.png,assets/got/textures/blocks/door_willow_upper.png
.png,assets/got/textures/blocks/pillar1_sandstone_side_top.png
.png,assets/got/textures/blocks/alloy_forge_front.png
.png,assets/got/textures/blocks/pillar1_basalt_side_middle.png
.png,assets/got/textures/blocks/straw_bed_head_end.png
.png,assets/got/textures/blocks/table_ironborn_side.png
.png,assets/got/textures/blocks/table_riverlands_top.png
.png,assets/got/textures/blocks/gate_copper_bars.png
.png,assets/got/textures/blocks/chrysanthemum_white.png
.png,assets/got/textures/blocks/coral_reef.png
.png,assets/got/textures/blocks/daub_bottom_left.png
.png,assets/got/textures/blocks/block_metal1_valyrian_left.png
.png,assets/got/textures/blocks/clay_tile_dyed_purple.png
.png,assets/got/textures/blocks/dirt_path_mud.png
.png,assets/got/textures/blocks/tall_grass_flower.png
.png,assets/got/textures/blocks/door_spruce_lower.png
.png,assets/got/textures/blocks/door_redwood_lower.png
.png,assets/got/textures/blocks/leaves4_fir_fancy.png
.png,assets/got/textures/blocks/wood_beam_v1_jungle_top.png
.png,assets/got/textures/blocks/chain_bottom.png
.png,assets/got/textures/blocks/clay_tile_dyed_yellow.png
.png,assets/got/textures/blocks/door_olive_lower.png
.png,assets/got/textures/blocks/wood7_aspen_top.png
.png,assets/got/textures/blocks/banana_cake_side.png
.png,assets/got/textures/blocks/sapling2_holly.png
.png,assets/got/textures/blocks/sapling3_maple.png
.png,assets/got/textures/blocks/asshai_torch.png
.png,assets/got/textures/blocks/wood_beam2_aramant_top.png
.png,assets/got/textures/blocks/table_crownlands_top.png
.png,assets/got/textures/blocks/wood1_ibbinia_top.png
.png,assets/got/textures/blocks/lion_fur_bed_head_side.png
.png,assets/got/textures/blocks/wood3_maple_side.png
.png,assets/got/textures/blocks/table_braavos_side.png
.png,assets/got/textures/blocks/door_dark_oak_upper.png
.png,assets/got/textures/blocks/lion_fur_bed_head_end.png
.png,assets/got/textures/blocks/wood_beam9_kanuka_top.png
.png,assets/got/textures/blocks/cucumber_2.png
.png,assets/got/textures/blocks/door_fir_upper.png
.png,assets/got/textures/blocks/pipeweed_3.png
.png,assets/got/textures/blocks/wild_fire_jar_cap_bottom.png
.png,assets/got/textures/blocks/table_asshai_side.png
.png,assets/got/textures/blocks/banana_bottom.png
.png,assets/got/textures/blocks/wood2_holly_top.png
.png,assets/got/textures/blocks/remains.png
.png,assets/got/textures/blocks/brick6_swords.png
.png,assets/got/textures/blocks/cherry_pie_top.png
.png,assets/got/textures/blocks/concrete_pink.png
.png,assets/got/textures/blocks/leaves4_cedar_fancy.png
.png,assets/got/textures/blocks/wood_beam4_baobab_top.png
.png,assets/got/textures/blocks/rock_labradorite.png
.png,assets/got/textures/blocks/table_stormlands_top.png
.png,assets/got/textures/blocks/pillar2_sothoryos_obsidian_side.png
.png,assets/got/textures/blocks/grapevine_red_grapes.png
.png,assets/got/textures/blocks/millstone_side_active.png
.png,assets/got/textures/blocks/wood_beam3_maple_side.png
.png,assets/got/textures/blocks/door_holly_lower.png
.png,assets/got/textures/blocks/door_jungle_lower.png
.png,assets/got/textures/blocks/leaves_v1_birch_fancy.png
.png,assets/got/textures/blocks/wild_fire_jar_base_top.png
.png,assets/got/textures/blocks/sapling1_ulthos.png
.png,assets/got/textures/blocks/chain_single.png
.png,assets/got/textures/blocks/marzipan_block_inner.png
.png,assets/got/textures/blocks/block_metal1_tin.png
.png,assets/got/textures/blocks/wood9_kanuka_top.png
.png,assets/got/textures/blocks/leaves7_fotinia_fast.png
.png,assets/got/textures/blocks/daub_top_right.png
.png,assets/got/textures/blocks/table_mossovy_side.png
.png,assets/got/textures/blocks/concrete_gray.png
.png,assets/got/textures/blocks/door_mango_lower.png
.png,assets/got/textures/blocks/wood2_holly_side.png
.png,assets/got/textures/blocks/treasure_valyrian_side.png
.png,assets/got/textures/blocks/cucumber_plant.png
.png,assets/got/textures/blocks/trapdoor_almond.png
.png,assets/got/textures/blocks/leaves4_chestnut_fancy.png
.png,assets/got/textures/blocks/fruit_leaves_cherry_fast.png
.png,assets/got/textures/blocks/stained_glass_light_blue.png
.png,assets/got/textures/blocks/asshai_moss.png
.png,assets/got/textures/blocks/table_volantis_top.png
.png,assets/got/textures/blocks/door_palm_lower.png
.png,assets/got/textures/blocks/leaves8_pomegranate_fancy.png
.png,assets/got/textures/blocks/brick5_rhyolite_carved.png
.png,assets/got/textures/blocks/tall_grass_fernsprout.png
.png,assets/got/textures/blocks/straw_bed_head_top.png
.png,assets/got/textures/blocks/bluebell.png
.png,assets/got/textures/blocks/concrete_orange.png
.png,assets/got/textures/blocks/reed_bars.png
.png,assets/got/textures/blocks/leaves5_lime_fancy.png
.png,assets/got/textures/blocks/bird_cage_bronze_top.png
.png,assets/got/textures/blocks/red_sandstone_top.png
.png,assets/got/textures/blocks/leaves_v1_oak_fancy.png
.png,assets/got/textures/blocks/daub_left.png
.png,assets/got/textures/blocks/gate_wooden_top.png
.png,assets/got/textures/blocks/southern_flower_pink.png
.png,assets/got/textures/blocks/barrel_tap.png
.png,assets/got/textures/blocks/wood_beam7_almond_top.png
.png,assets/got/textures/blocks/trapdoor_orange.png
.png,assets/got/textures/blocks/wood_beam_s_ibben_side.png
.png,assets/got/textures/blocks/berry_bush_wildberry_bare.png
.png,assets/got/textures/blocks/pillar2_labradorite_face.png
.png,assets/got/textures/blocks/bird_cage_wood_wood_top.png
.png,assets/got/textures/blocks/fruit_wood_pear_top.png
.png,assets/got/textures/blocks/gold_bars.png
.png,assets/got/textures/blocks/planks1_larch.png
.png,assets/got/textures/blocks/block_metal1_valyrian_bottom_right_inv.png
.png,assets/got/textures/blocks/wood6_mahogany_top.png
.png,assets/got/textures/blocks/wood_beam8_pomegranate_side.png
.png,assets/got/textures/blocks/wood_beam8_redwood_top.png
.png,assets/got/textures/blocks/fruit_leaves_mango_fast.png
.png,assets/got/textures/blocks/trapdoor_cedar.png
.png,assets/got/textures/blocks/rotten_log_rotten_top.png
.png,assets/got/textures/blocks/brick5_yi_ti_mossy.png
.png,assets/got/textures/blocks/pastry_inner.png
.png,assets/got/textures/blocks/leaves6_willow_fast.png
.png,assets/got/textures/blocks/door_mangrove_upper.png
.png,assets/got/textures/blocks/bird_cage_valyrian_base.png
.png,assets/got/textures/blocks/wood_beam7_green_oak_side.png
.png,assets/got/textures/blocks/wood_beam8_redwood_side.png
.png,assets/got/textures/blocks/brick3_diorite_carved.png
.png,assets/got/textures/blocks/pillar2_yi_ti_face.png
.png,assets/got/textures/blocks/apple_crumble_side.png
.png,assets/got/textures/blocks/double_flower_red_bottom.png
.png,assets/got/textures/blocks/door_acacia_lower.png
.png,assets/got/textures/blocks/cobblebrick_cob_top_right.png
.png,assets/got/textures/blocks/rice_stage_6.png
.png,assets/got/textures/blocks/chandelier_iron.png
.png,assets/got/textures/blocks/door_mahogany_lower.png
.png,assets/got/textures/blocks/clay_tile_dyed_light_blue.png
.png,assets/got/textures/blocks/rock_basalt_side.png
.png,assets/got/textures/blocks/leaves2_holly_fancy.png
.png,assets/got/textures/blocks/wood3_date_palm_top.png
.png,assets/got/textures/blocks/leaves3_mangrove_fast.png
.png,assets/got/textures/blocks/pipeweed_0.png
.png,assets/got/textures/blocks/wood_beam3_date_palm_top.png
.png,assets/got/textures/blocks/fruit_wood_apple_side.png
.png,assets/got/textures/blocks/barrel_side.png
.png,assets/got/textures/blocks/pillar1_sothoryos_side.png
.png,assets/got/textures/blocks/fruit_wood_mango_top.png
.png,assets/got/textures/blocks/cobblebrick_cob_bottom_left_inv.png
.png,assets/got/textures/blocks/pillar2_stone_side_top.png
.png,assets/got/textures/blocks/leaves6_cypress_fancy.png
.png,assets/got/textures/blocks/brick_ice.png
.png,assets/got/textures/blocks/berry_bush_blackberry.png
.png,assets/got/textures/blocks/wood9_weirwood_side.png
.png,assets/got/textures/blocks/gate_wooden_top_left_inv.png
.png,assets/got/textures/blocks/smooth_stone_labradorite_top.png
.png,assets/got/textures/blocks/wild_fire_jar_cap_top.png
.png,assets/got/textures/blocks/wood_beam_fruit_cherry_top.png
.png,assets/got/textures/blocks/command_table_top.png
.png,assets/got/textures/blocks/ceramic_plate_top.png
.png,assets/got/textures/blocks/wood1_charred_top.png
.png,assets/got/textures/blocks/leaves4_fir_fast.png
.png,assets/got/textures/blocks/sapling8_redwood.png
.png,assets/got/textures/blocks/blackroot.png
.png,assets/got/textures/blocks/wood3_mangrove_side.png
.png,assets/got/textures/blocks/clay_tile_dyed_red.png
.png,assets/got/textures/blocks/wood8_pomegranate_side.png
.png,assets/got/textures/blocks/door_pear_upper.png
.png,assets/got/textures/blocks/brick4_sothoryos_gold.png
.png,assets/got/textures/blocks/concrete_powder_red.png
.png,assets/got/textures/blocks/sapling2_aramant.png
.png,assets/got/textures/blocks/marzipan_block_side.png
.png,assets/got/textures/blocks/wood7_fotinia_side.png
.png,assets/got/textures/blocks/wood6_mahogany_side.png
.png,assets/got/textures/blocks/gate_wooden_top_right_inv.png
.png,assets/got/textures/blocks/lettuce_0.png
.png,assets/got/textures/blocks/rice_stage_1.png
.png,assets/got/textures/blocks/pillar2_chalk_side_middle.png
.png,assets/got/textures/blocks/yam_1.png
.png,assets/got/textures/blocks/bomb_top.png
.png,assets/got/textures/blocks/plant_kelp.png
.png,assets/got/textures/blocks/block_gem_ruby.png
.png,assets/got/textures/blocks/wood_beam_v2_dark_oak_top.png
.png,assets/got/textures/blocks/barrel_top.png
.png,assets/got/textures/blocks/sapling6_olive.png
.png,assets/got/textures/blocks/door_pomegranate_lower.png
.png,assets/got/textures/blocks/sothoryos_double_torch_top.png
.png,assets/got/textures/blocks/door_pear_lower.png
.png,assets/got/textures/blocks/wood_beam_v1_oak_side.png
.png,assets/got/textures/blocks/daub_top_left.png
.png,assets/got/textures/blocks/sothoryos_double_torch_bottom.png
.png,assets/got/textures/blocks/door_holly_upper.png
.png,assets/got/textures/blocks/pillar1_sothoryos_side_top.png
.png,assets/got/textures/blocks/double_flower_pink_bottom.png
.png,assets/got/textures/blocks/lettuce_3.png
.png,assets/got/textures/blocks/rock_rhyolite.png
.png,assets/got/textures/blocks/brick4_sothoryos.png
.png,assets/got/textures/blocks/sapling4_chestnut.png
.png,assets/got/textures/blocks/cobblebrick_cob_right.png
.png,assets/got/textures/blocks/door_kanuka_lower.png
.png,assets/got/textures/blocks/ore_sulfur.png
.png,assets/got/textures/blocks/pillar1_diorite_face.png
.png,assets/got/textures/blocks/pine_door_upper.png
.png,assets/got/textures/blocks/door_mangrove_lower.png
.png,assets/got/textures/blocks/bird_cage_bronze_side.png
.png,assets/got/textures/blocks/wood1_ulthos_top.png
.png,assets/got/textures/blocks/fruit_wood_cherry_top.png
.png,assets/got/textures/blocks/ore_saltpeter.png
.png,assets/got/textures/blocks/bird_cage_gold_base.png
.png,assets/got/textures/blocks/wood_beam_v2_acacia_top.png
.png,assets/got/textures/blocks/lion_fur_bed_head_top.png
.png,assets/got/textures/blocks/straw_bed_feet_top.png
.png,assets/got/textures/blocks/wood1_catalpa_side.png
.png,assets/got/textures/blocks/copper_bars.png
.png,assets/got/textures/blocks/iron_bank_top.png
.png,assets/got/textures/blocks/iron_bank_active.png
.png,assets/got/textures/blocks/table_westerlands_top.png
.png,assets/got/textures/blocks/wood3_larch_top.png
.png,assets/got/textures/blocks/sapling1_ibbinia.png
.png,assets/got/textures/blocks/gate_gold_bars.png
.png,assets/got/textures/blocks/pillar1_granite_face.png
.png,assets/got/textures/blocks/door_banana_lower.png
.png,assets/got/textures/blocks/leaves4_cedar_fast.png
.png,assets/got/textures/blocks/door_cherry_upper.png
.png,assets/got/textures/blocks/wood_beam3_mangrove_side.png
.png,assets/got/textures/blocks/pillar1_granite_side_top.png
.png,assets/got/textures/blocks/door_aramant_lower.png
.png,assets/got/textures/blocks/fruit_wood_cherry_side.png
.png,assets/got/textures/blocks/planks1_aramant.png
.png,assets/got/textures/blocks/door_ibbinia_lower.png
.png,assets/got/textures/blocks/door_dragon_lower.png
.png,assets/got/textures/blocks/table_norvos_top.png
.png,assets/got/textures/blocks/table_gift_top.png
.png,assets/got/textures/blocks/table_ghiscar_top.png
.png,assets/got/textures/blocks/berry_bush_raspberry_bare.png
.png,assets/got/textures/blocks/oven_active.png
.png,assets/got/textures/blocks/sapling1_ulthos_red.png
.png,assets/got/textures/blocks/sapling7_almond.png
.png,assets/got/textures/blocks/dirt_path_brus.png
.png,assets/got/textures/blocks/planks2_cedar.png
.png,assets/got/textures/blocks/wood_beam6_cypress_top.png
.png,assets/got/textures/blocks/planks_rotten_rotten.png
.png,assets/got/textures/blocks/bird_cage_valyrian_top.png
.png,assets/got/textures/blocks/wood_beam6_mahogany_top.png
.png,assets/got/textures/blocks/sapling2_banana.png
.png,assets/got/textures/blocks/table_yi_ti_top.png
.png,assets/got/textures/blocks/pillar2_chalk_face.png
.png,assets/got/textures/blocks/pillar1_sothoryos_side_middle.png
.png,assets/got/textures/blocks/door_orange_lower.png
.png,assets/got/textures/blocks/leaves7_almond_fancy.png
.png,assets/got/textures/blocks/door_rotten_upper.png
.png,assets/got/textures/blocks/trapdoor_charred.png
.png,assets/got/textures/blocks/pillar1_sothoryos_side_bottom.png
.png,assets/got/textures/blocks/pillar2_chalk_side_bottom.png
.png,assets/got/textures/blocks/fur_bed_feet_top.png
.png,assets/got/textures/blocks/wood1_ulthos_side.png
.png,assets/got/textures/blocks/trapdoor_pine.png
.png,assets/got/textures/blocks/wood_beam3_maple_top.png
.png,assets/got/textures/blocks/bird_cage_wood_wood_base.png
.png,assets/got/textures/blocks/wild_fire_jar_base_side.png
.png,assets/got/textures/blocks/wood7_green_oak_side.png
.png,assets/got/textures/blocks/iron_bank_front.png
.png,assets/got/textures/blocks/chandelier_copper.png
.png,assets/got/textures/blocks/wood4_cedar_top.png
.png,assets/got/textures/blocks/gate_wooden_bottom_left.png
.png,assets/got/textures/blocks/sapling5_lemon.png
.png,assets/got/textures/blocks/waste_block_var4.png
.png,assets/got/textures/blocks/berry_bush_cranberry.png
.png,assets/got/textures/blocks/trapdoor_cherry.png
.png,assets/got/textures/blocks/door_olive_upper.png
.png,assets/got/textures/blocks/sapling2_beech.png
.png,assets/got/textures/blocks/stained_glass_green.png
.png,assets/got/textures/blocks/table_north_top.png
.png,assets/got/textures/blocks/gate_wooden_bottom_right.png
.png,assets/got/textures/blocks/hearth_top.png
.png,assets/got/textures/blocks/concrete_brown.png
.png,assets/got/textures/blocks/wood_beam_v1_jungle_side.png
.png,assets/got/textures/blocks/southern_flower_daisy.png
.png,assets/got/textures/blocks/flax_0.png
.png,assets/got/textures/blocks/fruit_leaves_apple_fast.png
.png,assets/got/textures/blocks/door_dragon_upper.png
.png,assets/got/textures/blocks/leek_2.png
.png,assets/got/textures/blocks/bird_cage_copper_side.png
.png,assets/got/textures/blocks/obsidian_gravel.png
.png,assets/got/textures/blocks/pillar2_brick_face.png
.png,assets/got/textures/blocks/dried_reeds_lower.png
.png,assets/got/textures/blocks/door_ibbinia_upper.png
.png,assets/got/textures/blocks/bird_cage_silver_top.png
.png,assets/got/textures/blocks/wood_beam6_willow_top.png
.png,assets/got/textures/blocks/sapling7_fotinia.png
.png,assets/got/textures/blocks/leaves5_lemon_fast.png
.png,assets/got/textures/blocks/yam_2.png
.png,assets/got/textures/blocks/wild_fire_jar_crown_side.png
.png,assets/got/textures/blocks/mud.png
.png,assets/got/textures/blocks/table_lhazar_side.png
.png,assets/got/textures/blocks/leaves3_maple_fast.png
.png,assets/got/textures/blocks/door_cypress_upper.png
.png,assets/got/textures/blocks/trapdoor_apple.png
.png,assets/got/textures/blocks/bomb_handle.png
.png,assets/got/textures/blocks/gate_wooden_right.png
.png,assets/got/textures/blocks/concrete_powder_silver.png
.png,assets/got/textures/blocks/fur_bed_feet_end.png
.png,assets/got/textures/blocks/door_mahogany_upper.png
.png,assets/got/textures/blocks/pillar2_sothoryos_gold_face.png
.png,assets/got/textures/blocks/marigold.png
.png,assets/got/textures/blocks/planks1_apple.png
.png,assets/got/textures/blocks/wood8_palm_top.png
.png,assets/got/textures/blocks/wood3_mangrove_top.png
.png,assets/got/textures/blocks/butterfly_jar_glass.png
.png,assets/got/textures/blocks/table_sothoryos_side.png
.png,assets/got/textures/blocks/pipeweed_plant.png
.png,assets/got/textures/blocks/trapdoor_willow.png
.png,assets/got/textures/blocks/door_pomegranate_upper.png
.png,assets/got/textures/blocks/concrete_lime.png
.png,assets/got/textures/blocks/berry_pie_bottom.png
.png,assets/got/textures/blocks/pillar1_rhyolite_side_bottom.png
.png,assets/got/textures/blocks/wood9_dragon_side.png
.png,assets/got/textures/blocks/wood_beam_s_ibben_top.png
.png,assets/got/textures/blocks/ore_cobalt.png
.png,assets/got/textures/blocks/stained_glass_pink.png
.png,assets/got/textures/blocks/door_fotinia_lower.png
.png,assets/got/textures/blocks/compressor_item.png
.png,assets/got/textures/blocks/table_crownlands_side.png
.png,assets/got/textures/blocks/lemon_cake_inner.png
.png,assets/got/textures/blocks/sarbacane_trap_face.png
.png,assets/got/textures/blocks/table_dragonstone_side.png
.png,assets/got/textures/blocks/smooth_stone_granite_top.png
.png,assets/got/textures/blocks/wood_beam4_chestnut_side.png
.png,assets/got/textures/blocks/leaves2_aramant_fast.png
.png,assets/got/textures/blocks/planks2_mahogany.png
.png,assets/got/textures/blocks/pillar1_sandstone_side.png
.png,assets/got/textures/blocks/butterfly_jar_lid.png
.png,assets/got/textures/blocks/red_brick_mossy.png
.png,assets/got/textures/blocks/wood2_aramant_top.png
.png,assets/got/textures/blocks/wood_beam8_palm_top.png
.png,assets/got/textures/blocks/pillar2_yi_ti_red_side_top.png
.png,assets/got/textures/blocks/ore_gem_ruby.png
.png,assets/got/textures/blocks/leaves2_aramant_fancy.png
.png,assets/got/textures/blocks/leaves_v2_acacia_fast.png
.png,assets/got/textures/blocks/treasure_copper.png
.png,assets/got/textures/blocks/table_qarth_top.png
.png,assets/got/textures/blocks/block_metal1_copper.png
.png,assets/got/textures/blocks/leaves7_fotinia_fancy.png
.png,assets/got/textures/blocks/gate_iron_bars.png
.png,assets/got/textures/blocks/rice_stage_3.png
.png,assets/got/textures/blocks/wood_beam1_ibbinia_side.png
.png,assets/got/textures/blocks/brick3_sandstone_red_carved.png
.png,assets/got/textures/blocks/wood2_beech_side.png
.png,assets/got/textures/blocks/block_gem_coral.png
.png,assets/got/textures/blocks/concrete_powder_green.png
.png,assets/got/textures/blocks/door_orange_upper.png
.png,assets/got/textures/blocks/reeds_mid.png
.png,assets/got/textures/blocks/brick1_andesite_mossy.png
.png,assets/got/textures/blocks/lemon_cake_side.png
.png,assets/got/textures/blocks/cherry_pie_inner.png
.png,assets/got/textures/blocks/block_gem_diamond.png
.png,assets/got/textures/blocks/grapevine_white_vine.png
.png,assets/got/textures/blocks/wood6_willow_side.png
.png,assets/got/textures/blocks/wood_beam5_lime_side.png
.png,assets/got/textures/shield/dorne.png
.png,assets/got/textures/shield/golden_company.png
.png,assets/got/textures/shield/braavos.png
.png,assets/got/textures/shield/achievement_silver.png
.png,assets/got/textures/shield/arrynguard.png
.png,assets/got/textures/shield/pentos.png
.png,assets/got/textures/shield/qarth.png
.png,assets/got/textures/shield/sothoryos.png
.png,assets/got/textures/shield/hillmen.png
.png,assets/got/textures/shield/summer.png
.png,assets/got/textures/shield/achievement_valyrian.png
.png,assets/got/textures/shield/lys.png
.png,assets/got/textures/shield/tyrosh.png
.png,assets/got/textures/shield/targaryen.png
.png,assets/got/textures/shield/dragonstone.png
.png,assets/got/textures/shield/achievement_bronze.png
.png,assets/got/textures/shield/lorath.png
.png,assets/got/textures/shield/riverlands.png
.png,assets/got/textures/shield/alcoholic.png
.png,assets/got/textures/shield/arryn.png
.png,assets/got/textures/shield/volantis.png
.png,assets/got/textures/shield/norvos.png
.png,assets/got/textures/shield/yi_ti_bombardier.png
.png,assets/got/textures/shield/yi_ti.png
.png,assets/got/textures/shield/westerlandsguard.png
.png,assets/got/textures/shield/northguard.png
.png,assets/got/textures/shield/asshai.png
.png,assets/got/textures/shield/westerlands.png
.png,assets/got/textures/shield/yi_ti_samurai.png
.png,assets/got/textures/shield/unsullied.png
.png,assets/got/textures/shield/ironborn.png
.png,assets/got/textures/shield/myr.png
.png,assets/got/textures/shield/qohor.png
.png,assets/got/textures/shield/reachguard.png
.png,assets/got/textures/shield/north.png
.png,assets/got/textures/shield/reach.png
.png,assets/got/textures/shield/achievement_gold.png
.png,assets/got/textures/shield/crownlands.png
.png,assets/got/textures/shield/ghiscar.png
.png,assets/got/textures/shield/stormlands.png
.png,assets/got/textures/weather/snow.png
.png,assets/got/textures/weather/ash.png
.png,assets/got/textures/weather/rain.png
.png,assets/got/textures/weather/sandstorm.png
.png,assets/got/textures/sky/bigstar.png
.png,assets/got/textures/sky/moon.png
.png,assets/got/textures/sky/clouds.png
.png,assets/got/textures/sky/sun.png
.png,assets/got/textures/misc/wight.png
.png,assets/got/textures/misc/burn_overlay.png
.png,assets/got/textures/misc/waterParticles.png
.png,assets/got/textures/misc/mist_overlay.png
.png,assets/got/textures/misc/particles.png
.png,assets/got/textures/misc/compass.png
.png,assets/got/textures/misc/particles2.png
.png,assets/got/textures/misc/portal.png
.png,assets/got/textures/misc/frost_overlay.png
.png,assets/got/textures/map/conquest.png
.png,assets/got/textures/map/osrs.png
.png,assets/got/textures/map/mapOverlay.png
.png,assets/got/textures/map/map.png
.png,assets/got/textures/map/mapScreen.png
.png,assets/got/textures/model/arrow_poisoned.png
.png,assets/got/textures/model/skull_staff.png
.png,assets/got/textures/model/crossbow_bolt.png
.png,assets/got/textures/model/goblet_gold.png
.png,assets/got/textures/model/goblet_valyrian.png
.png,assets/got/textures/model/goblet_silver.png
.png,assets/got/textures/model/goblet_copper.png
.png,assets/got/textures/model/goblet_bronze.png
.png,assets/got/textures/model/arrow_fire.png
.png,assets/got/textures/model/ale_horn_gold.png
.png,assets/got/textures/model/cargocart.png
.png,assets/got/textures/model/beacon.png
.png,assets/got/textures/model/mug.png
.png,assets/got/textures/model/skull_cup.png
.png,assets/got/textures/model/goblet_wood.png
.png,assets/got/textures/model/ale_horn.png
.png,assets/got/textures/model/glass_bottle.png
.png,assets/got/textures/model/wine_glass.png
.png,assets/got/textures/model/mug_clay.png
.png,assets/got/textures/model/weapon_rack.png
.png,assets/got/textures/model/armor_stand.png
.png,assets/got/textures/model/plowcart.png
.png,assets/got/textures/banner/harroway.png
.png,assets/got/textures/banner/bullwer.png
.png,assets/got/textures/banner/woodfoot.png
.png,assets/got/textures/banner/illifer.png
.png,assets/got/textures/banner/qorgile.png
.png,assets/got/textures/banner/aemon.png
.png,assets/got/textures/banner/mollen.png
.png,assets/got/textures/banner/torrent.png
.png,assets/got/textures/banner/wildling.png
.png,assets/got/textures/banner/velaryon.png
.png,assets/got/textures/banner/eddard.png
.png,assets/got/textures/banner/teague.png
.png,assets/got/textures/banner/lantell.png
.png,assets/got/textures/banner/rossart.png
.png,assets/got/textures/banner/costayne.png
.png,assets/got/textures/banner/windblown.png
.png,assets/got/textures/banner/tudbury.png
.png,assets/got/textures/banner/blackfyre.png
.png,assets/got/textures/banner/whent.png
.png,assets/got/textures/banner/webber.png
.png,assets/got/textures/banner/lannisport.png
.png,assets/got/textures/banner/yi_ti_maroon.png
.png,assets/got/textures/banner/mudd.png
.png,assets/got/textures/banner/yi_ti_choq.png
.png,assets/got/textures/banner/drumm.png
.png,assets/got/textures/banner/baelishold.png
.png,assets/got/textures/banner/plumm.png
.png,assets/got/textures/banner/yi_ti_purple.png
.png,assets/got/textures/banner/meadows.png
.png,assets/got/textures/banner/golden_company.png
.png,assets/got/textures/banner/youngGriff.png
.png,assets/got/textures/banner/rogers.png
.png,assets/got/textures/banner/towers.png
.png,assets/got/textures/banner/rambton.png
.png,assets/got/textures/banner/sunglass.png
.png,assets/got/textures/banner/pyne.png
.png,assets/got/textures/banner/braavos.png
.png,assets/got/textures/banner/hornwood.png
.png,assets/got/textures/banner/pommingham.png
.png,assets/got/textures/banner/westbrook.png
.png,assets/got/textures/banner/hornwoodBook.png
.png,assets/got/textures/banner/uller.png
.png,assets/got/textures/banner/jordayne.png
.png,assets/got/textures/banner/white.png
.png,assets/got/textures/banner/manderlyBook.png
.png,assets/got/textures/banner/hetherspoon.png
.png,assets/got/textures/banner/goodbrother.png
.png,assets/got/textures/banner/donniger.png
.png,assets/got/textures/banner/estermont.png
.png,assets/got/textures/banner/tarlyBook.png
.png,assets/got/textures/banner/pentos.png
.png,assets/got/textures/banner/robbBook.png
.png,assets/got/textures/banner/dalton.png
.png,assets/got/textures/banner/walker.png
.png,assets/got/textures/banner/qarth.png
.png,assets/got/textures/banner/sothoryos.png
.png,assets/got/textures/banner/auranewaters.png
.png,assets/got/textures/banner/toland.png
.png,assets/got/textures/banner/creighton.png
.png,assets/got/textures/banner/lowther.png
.png,assets/got/textures/banner/lhazar.png
.png,assets/got/textures/banner/robert.png
.png,assets/got/textures/banner/lannisterB.png
.png,assets/got/textures/banner/tyrelll.png
.png,assets/got/textures/banner/tullyBook.png
.png,assets/got/textures/banner/marsh.png
.png,assets/got/textures/banner/tallhart.png
.png,assets/got/textures/banner/whitehead.png
.png,assets/got/textures/banner/egen.png
.png,assets/got/textures/banner/tarthBook.png
.png,assets/got/textures/banner/darry.png
.png,assets/got/textures/banner/nymeria.png
.png,assets/got/textures/banner/redfort.png
.png,assets/got/textures/banner/flintFF.png
.png,assets/got/textures/banner/bettley.png
.png,assets/got/textures/banner/targaryenBook.png
.png,assets/got/textures/banner/belaerys.png
.png,assets/got/textures/banner/leng.png
.png,assets/got/textures/banner/brackenBook.png
.png,assets/got/textures/banner/aerion.png
.png,assets/got/textures/banner/merlyn.png
.png,assets/got/textures/banner/greensBook.png
.png,assets/got/textures/banner/chyttering.png
.png,assets/got/textures/banner/bridges.png
.png,assets/got/textures/banner/lannisterBook.png
.png,assets/got/textures/banner/sloane.png
.png,assets/got/textures/banner/hollard.png
.png,assets/got/textures/banner/mazin.png
.png,assets/got/textures/banner/hawick.png
.png,assets/got/textures/banner/seaworth.png
.png,assets/got/textures/banner/kyndall.png
.png,assets/got/textures/banner/velaryonBook.png
.png,assets/got/textures/banner/warriorsSons.png
.png,assets/got/textures/banner/westerling.png
.png,assets/got/textures/banner/mors.png
.png,assets/got/textures/banner/grandison.png
.png,assets/got/textures/banner/kingsguard.png
.png,assets/got/textures/banner/hoare.png
.png,assets/got/textures/banner/bittersteel.png
.png,assets/got/textures/banner/tarth.png
.png,assets/got/textures/banner/cave.png
.png,assets/got/textures/banner/jonconnington.png
.png,assets/got/textures/banner/parren.png
.png,assets/got/textures/banner/valarr.png
.png,assets/got/textures/banner/jogos_nhai.png
.png,assets/got/textures/banner/crane.png
.png,assets/got/textures/banner/boggs.png
.png,assets/got/textures/banner/harte.png
.png,assets/got/textures/banner/melcolm.png
.png,assets/got/textures/banner/hillmen.png
.png,assets/got/textures/banner/truefyre.png
.png,assets/got/textures/banner/lefford.png
.png,assets/got/textures/banner/prester.png
.png,assets/got/textures/banner/reed.png
.png,assets/got/textures/banner/falwell.png
.png,assets/got/textures/banner/reyne.png
.png,assets/got/textures/banner/wendwater.png
.png,assets/got/textures/banner/brightstone.png
.png,assets/got/textures/banner/summer.png
.png,assets/got/textures/banner/karstark.png
.png,assets/got/textures/banner/langward.png
.png,assets/got/textures/banner/serrett.png
.png,assets/got/textures/banner/reedHBO.png
.png,assets/got/textures/banner/meereen.png
.png,assets/got/textures/banner/paege.png
.png,assets/got/textures/banner/estren.png
.png,assets/got/textures/banner/hogg.png
.png,assets/got/textures/banner/jaremymallister.png
.png,assets/got/textures/banner/selmy.png
.png,assets/got/textures/banner/goodbrook.png
.png,assets/got/textures/banner/freyriverrun.png
.png,assets/got/textures/banner/wensington.png
.png,assets/got/textures/banner/yi_ti_pearl.png
.png,assets/got/textures/banner/wellsD.png
.png,assets/got/textures/banner/clifton.png
.png,assets/got/textures/banner/bolling.png
.png,assets/got/textures/banner/rikker.png
.png,assets/got/textures/banner/rollandStorm.png
.png,assets/got/textures/banner/hasty.png
.png,assets/got/textures/banner/sunderly.png
.png,assets/got/textures/banner/mormontBook.png
.png,assets/got/textures/banner/longwaters.png
.png,assets/got/textures/banner/fisher.png
.png,assets/got/textures/banner/seasmoke.png
.png,assets/got/textures/banner/blacksBook.png
.png,assets/got/textures/banner/shell.png
.png,assets/got/textures/banner/lannett.png
.png,assets/got/textures/banner/martellBook.png
.png,assets/got/textures/banner/norrey.png
.png,assets/got/textures/banner/pyle.png
.png,assets/got/textures/banner/stonetree.png
.png,assets/got/textures/banner/harlawHall.png
.png,assets/got/textures/banner/florentBook.png
.png,assets/got/textures/banner/aemonBook.png
.png,assets/got/textures/banner/ball.png
.png,assets/got/textures/banner/vypren.png
.png,assets/got/textures/banner/blackmont.png
.png,assets/got/textures/banner/arrynGT.png
.png,assets/got/textures/banner/dormund.png
.png,assets/got/textures/banner/westford.png
.png,assets/got/textures/banner/robertashford.png
.png,assets/got/textures/banner/loraq.png
.png,assets/got/textures/banner/mossovy.png
.png,assets/got/textures/banner/dunn.png
.png,assets/got/textures/banner/overton.png
.png,assets/got/textures/banner/lys.png
.png,assets/got/textures/banner/maekar.png
.png,assets/got/textures/banner/chelsted.png
.png,assets/got/textures/banner/forresterBook.png
.png,assets/got/textures/banner/leygood.png
.png,assets/got/textures/banner/banefort.png
.png,assets/got/textures/banner/sunderland.png
.png,assets/got/textures/banner/mooton.png
.png,assets/got/textures/banner/roote.png
.png,assets/got/textures/banner/greyjoy.png
.png,assets/got/textures/banner/frey.png
.png,assets/got/textures/banner/lannisterD.png
.png,assets/got/textures/banner/pryor.png
.png,assets/got/textures/banner/degore.png
.png,assets/got/textures/banner/botley.png
.png,assets/got/textures/banner/farman.png
.png,assets/got/textures/banner/leather.png
.png,assets/got/textures/banner/hand.png
.png,assets/got/textures/banner/tyrosh.png
.png,assets/got/textures/banner/targaryen.png
.png,assets/got/textures/banner/boltonbook.png
.png,assets/got/textures/banner/butterwell.png
.png,assets/got/textures/banner/waynwood.png
.png,assets/got/textures/banner/gormondgoodbrother.png
.png,assets/got/textures/banner/iron_bank.png
.png,assets/got/textures/banner/branch.png
.png,assets/got/textures/banner/daeronBook.png
.png,assets/got/textures/banner/cordwayner.png
.png,assets/got/textures/banner/hewett.png
.png,assets/got/textures/banner/graceford.png
.png,assets/got/textures/banner/volmark.png
.png,assets/got/textures/banner/rollingford.png
.png,assets/got/textures/banner/drox.png
.png,assets/got/textures/banner/fowlerBook.png
.png,assets/got/textures/banner/mallery.png
.png,assets/got/textures/banner/yunkai.png
.png,assets/got/textures/banner/lorch.png
.png,assets/got/textures/banner/ryder.png
.png,assets/got/textures/banner/corbrayBook.png
.png,assets/got/textures/banner/grafton.png
.png,assets/got/textures/banner/wylde.png
.png,assets/got/textures/banner/vaith.png
.png,assets/got/textures/banner/kenningK.png
.png,assets/got/textures/banner/ambrose.png
.png,assets/got/textures/banner/hardy.png
.png,assets/got/textures/banner/yi_ti_jar.png
.png,assets/got/textures/banner/shettgtown.png
.png,assets/got/textures/banner/durrandon.png
.png,assets/got/textures/banner/jonking.png
.png,assets/got/textures/banner/blacks.png
.png,assets/got/textures/banner/belmore.png
.png,assets/got/textures/banner/charlton.png
.png,assets/got/textures/banner/umber.png
.png,assets/got/textures/banner/buckwell.png
.png,assets/got/textures/banner/osgreyll.png
.png,assets/got/textures/banner/durwell.png
.png,assets/got/textures/banner/fell.png
.png,assets/got/textures/banner/turnberry.png
.png,assets/got/textures/banner/shadrich.png
.png,assets/got/textures/banner/cafferen.png
.png,assets/got/textures/banner/tarwick.png
.png,assets/got/textures/banner/laughingTree.png
.png,assets/got/textures/banner/blacktyde.png
.png,assets/got/textures/banner/mullendore.png
.png,assets/got/textures/banner/slate.png
.png,assets/got/textures/banner/vanceA.png
.png,assets/got/textures/banner/lanny.png
.png,assets/got/textures/banner/fowler.png
.png,assets/got/textures/banner/condon.png
.png,assets/got/textures/banner/inchfield.png
.png,assets/got/textures/banner/stannisBook.png
.png,assets/got/textures/banner/ashwood.png
.png,assets/got/textures/banner/lorath.png
.png,assets/got/textures/banner/sarsfield.png
.png,assets/got/textures/banner/stane.png
.png,assets/got/textures/banner/fisherSS.png
.png,assets/got/textures/banner/risley.png
.png,assets/got/textures/banner/peckledon.png
.png,assets/got/textures/banner/codd.png
.png,assets/got/textures/banner/patrek.png
.png,assets/got/textures/banner/willum.png
.png,assets/got/textures/banner/wyl.png
.png,assets/got/textures/banner/manwoody.png
.png,assets/got/textures/banner/farring.png
.png,assets/got/textures/banner/pendragon.png
.png,assets/got/textures/banner/bruneB.png
.png,assets/got/textures/banner/hightower.png
.png,assets/got/textures/banner/oakenfist.png
.png,assets/got/textures/banner/fireball.png
.png,assets/got/textures/banner/lannisterTygett.png
.png,assets/got/textures/banner/oakheart.png
.png,assets/got/textures/banner/stokeworth.png
.png,assets/got/textures/banner/yi_ti_bu.png
.png,assets/got/textures/banner/dargood.png
.png,assets/got/textures/banner/broom.png
.png,assets/got/textures/banner/royceGM.png
.png,assets/got/textures/banner/saan.png
.png,assets/got/textures/banner/hunt.png
.png,assets/got/textures/banner/amorylorch.png
.png,assets/got/textures/banner/seastar.png
.png,assets/got/textures/banner/greystark.png
.png,assets/got/textures/banner/bronnBook.png
.png,assets/got/textures/banner/dayne.png
.png,assets/got/textures/banner/derrickfossoway.png
.png,assets/got/textures/banner/andal.png
.png,assets/got/textures/banner/drinkwater.png
.png,assets/got/textures/banner/cole.png
.png,assets/got/textures/banner/arryn.png
.png,assets/got/textures/banner/strickland.png
.png,assets/got/textures/banner/gardenerBook.png
.png,assets/got/textures/banner/alqalis.png
.png,assets/got/textures/banner/night.png
.png,assets/got/textures/banner/saltcliffe.png
.png,assets/got/textures/banner/flintBH.png
.png,assets/got/textures/banner/ironsmith.png
.png,assets/got/textures/banner/cuy.png
.png,assets/got/textures/banner/black.png
.png,assets/got/textures/banner/morsBook.png
.png,assets/got/textures/banner/stand.png
.png,assets/got/textures/banner/volantis.png
.png,assets/got/textures/banner/grell.png
.png,assets/got/textures/banner/dondarrionBook.png
.png,assets/got/textures/banner/swyft.png
.png,assets/got/textures/banner/hightowerBook.png
.png,assets/got/textures/banner/tarly.png
.png,assets/got/textures/banner/moreland.png
.png,assets/got/textures/banner/vultureking.png
.png,assets/got/textures/banner/cerwyn.png
.png,assets/got/textures/banner/moore.png
.png,assets/got/textures/banner/wayn.png
.png,assets/got/textures/banner/wydman.png
.png,assets/got/textures/banner/manning.png
.png,assets/got/textures/banner/morros.png
.png,assets/got/textures/banner/blount.png
.png,assets/got/textures/banner/littlewalder.png
.png,assets/got/textures/banner/wode.png
.png,assets/got/textures/banner/footly.png
.png,assets/got/textures/banner/karstarkBook.png
.png,assets/got/textures/banner/woolfield.png
.png,assets/got/textures/banner/crowl.png
.png,assets/got/textures/banner/benfrey.png
.png,assets/got/textures/banner/arrynBook.png
.png,assets/got/textures/banner/amber.png
.png,assets/got/textures/banner/ryswell.png
.png,assets/got/textures/banner/gaunt.png
.png,assets/got/textures/banner/spicer.png
.png,assets/got/textures/banner/sandsnakes.png
.png,assets/got/textures/banner/rhysling.png
.png,assets/got/textures/banner/greyiron.png
.png,assets/got/textures/banner/wythers.png
.png,assets/got/textures/banner/null.png
.png,assets/got/textures/banner/jonsnow.png
.png,assets/got/textures/banner/casterly.png
.png,assets/got/textures/banner/norvos.png
.png,assets/got/textures/banner/bloodravenBook.png
.png,assets/got/textures/banner/walder.png
.png,assets/got/textures/banner/peake.png
.png,assets/got/textures/banner/kellington.png
.png,assets/got/textures/banner/varner.png
.png,assets/got/textures/banner/mallister.png
.png,assets/got/textures/banner/rhllor.png
.png,assets/got/textures/banner/lipps.png
.png,assets/got/textures/banner/gower.png
.png,assets/got/textures/banner/ryger.png
.png,assets/got/textures/banner/corbray.png
.png,assets/got/textures/banner/caron.png
.png,assets/got/textures/banner/banefortBook.png
.png,assets/got/textures/banner/branfield.png
.png,assets/got/textures/banner/robertblackwood.png
.png,assets/got/textures/banner/upcliff.png
.png,assets/got/textures/banner/woods.png
.png,assets/got/textures/banner/harlawGG.png
.png,assets/got/textures/banner/norridge.png
.png,assets/got/textures/banner/hayford.png
.png,assets/got/textures/banner/grangoodbrother.png
.png,assets/got/textures/banner/follard.png
.png,assets/got/textures/banner/vanceWR.png
.png,assets/got/textures/banner/gardener.png
.png,assets/got/textures/banner/yi_ti_qo.png
.png,assets/got/textures/banner/marbrand.png
.png,assets/got/textures/banner/lannisterC.png
.png,assets/got/textures/banner/vyrwel.png
.png,assets/got/textures/banner/beesbury.png
.png,assets/got/textures/banner/peasebury.png
.png,assets/got/textures/banner/greenfield.png
.png,assets/got/textures/banner/magnar.png
.png,assets/got/textures/banner/sarwyck.png
.png,assets/got/textures/banner/staedmon.png
.png,assets/got/textures/banner/vikary.png
.png,assets/got/textures/banner/flintWW.png
.png,assets/got/textures/banner/rovan.png
.png,assets/got/textures/banner/bole.png
.png,assets/got/textures/banner/freyBook.png
.png,assets/got/textures/banner/staunton.png
.png,assets/got/textures/banner/bruneDD.png
.png,assets/got/textures/banner/cockshaw.png
.png,assets/got/textures/banner/harlton.png
.png,assets/got/textures/banner/blackwoodBook.png
.png,assets/got/textures/banner/darke.png
.png,assets/got/textures/banner/erenford.png
.png,assets/got/textures/banner/stormcrows.png
.png,assets/got/textures/banner/harclay.png
.png,assets/got/textures/banner/goodbrotherO.png
.png,assets/got/textures/banner/clegane.png
.png,assets/got/textures/banner/celtigar.png
.png,assets/got/textures/banner/frost.png
.png,assets/got/textures/banner/caswell.png
.png,assets/got/textures/banner/bushy.png
.png,assets/got/textures/banner/ruthermont.png
.png,assets/got/textures/banner/yi_ti.png
.png,assets/got/textures/banner/lightfoot.png
.png,assets/got/textures/banner/hunter.png
.png,assets/got/textures/banner/bloodraven.png
.png,assets/got/textures/banner/whitehill.png
.png,assets/got/textures/banner/redbeard.png
.png,assets/got/textures/banner/cressey.png
.png,assets/got/textures/banner/connington.png
.png,assets/got/textures/banner/dondarrion.png
.png,assets/got/textures/banner/blackfish.png
.png,assets/got/textures/banner/musgood.png
.png,assets/got/textures/banner/aemonrivers.png
.png,assets/got/textures/banner/euronBook.png
.png,assets/got/textures/banner/firstFlint.png
.png,assets/got/textures/banner/ibben.png
.png,assets/got/textures/banner/tyrellBK.png
.png,assets/got/textures/banner/hugh.png
.png,assets/got/textures/banner/borrell.png
.png,assets/got/textures/banner/wagstaff.png
.png,assets/got/textures/banner/liddle.png
.png,assets/got/textures/banner/blackwood.png
.png,assets/got/textures/banner/oberyn.png
.png,assets/got/textures/banner/lydden.png
.png,assets/got/textures/banner/renlyBook.png
.png,assets/got/textures/banner/rowan.png
.png,assets/got/textures/banner/asshai.png
.png,assets/got/textures/banner/horpe.png
.png,assets/got/textures/banner/brax.png
.png,assets/got/textures/banner/hastwyck.png
.png,assets/got/textures/banner/dalt.png
.png,assets/got/textures/banner/crakehall.png
.png,assets/got/textures/banner/secondsons.png
.png,assets/got/textures/banner/arlan.png
.png,assets/got/textures/banner/darkwood.png
.png,assets/got/textures/banner/waxley.png
.png,assets/got/textures/banner/fossoway.png
.png,assets/got/textures/banner/blackfyreBook.png
.png,assets/got/textures/banner/appleton.png
.png,assets/got/textures/banner/bracken.png
.png,assets/got/textures/banner/ferren.png
.png,assets/got/textures/banner/coldwater.png
.png,assets/got/textures/banner/edricstorm.png
.png,assets/got/textures/banner/myre.png
.png,assets/got/textures/banner/justman.png
.png,assets/got/textures/banner/poorFellows.png
.png,assets/got/textures/banner/astapor.png
.png,assets/got/textures/banner/chester.png
.png,assets/got/textures/banner/daemon.png
.png,assets/got/textures/banner/yronwood.png
.png,assets/got/textures/banner/stannis.png
.png,assets/got/textures/banner/tollett.png
.png,assets/got/textures/banner/glenmore.png
.png,assets/got/textures/banner/footeN.png
.png,assets/got/textures/banner/trant.png
.png,assets/got/textures/banner/manderly.png
.png,assets/got/textures/banner/algood.png
.png,assets/got/textures/banner/rolandblackwood.png
.png,assets/got/textures/banner/elephants.png
.png,assets/got/textures/banner/stonehouse.png
.png,assets/got/textures/banner/umberBook.png
.png,assets/got/textures/banner/penrose.png
.png,assets/got/textures/banner/woodwright.png
.png,assets/got/textures/banner/tawney.png
.png,assets/got/textures/banner/piper.png
.png,assets/got/textures/banner/ashford.png
.png,assets/got/textures/banner/dayneHH.png
.png,assets/got/textures/banner/pik.png
.png,assets/got/textures/banner/dryland.png
.png,assets/got/textures/banner/yi_ti_mengo.png
.png,assets/got/textures/banner/baelish.png
.png,assets/got/textures/banner/reedBook.png
.png,assets/got/textures/banner/fossowayCH.png
.png,assets/got/textures/banner/joffrey.png
.png,assets/got/textures/banner/qoherys.png
.png,assets/got/textures/banner/bigwalder.png
.png,assets/got/textures/banner/hersy.png
.png,assets/got/textures/banner/goodbrotherS.png
.png,assets/got/textures/banner/lolliston.png
.png,assets/got/textures/banner/allyrion.png
.png,assets/got/textures/banner/rosby.png
.png,assets/got/textures/banner/bolton.png
.png,assets/got/textures/banner/kenningH.png
.png,assets/got/textures/banner/lake.png
.png,assets/got/textures/banner/norcross.png
.png,assets/got/textures/banner/tybolt.png
.png,assets/got/textures/banner/blackbar.png
.png,assets/got/textures/banner/slynt.png
.png,assets/got/textures/banner/galtry.png
.png,assets/got/textures/banner/farwynd.png
.png,assets/got/textures/banner/martell.png
.png,assets/got/textures/banner/gargalen.png
.png,assets/got/textures/banner/serrettBook.png
.png,assets/got/textures/banner/suggs.png
.png,assets/got/textures/banner/harlaw.png
.png,assets/got/textures/banner/hutcheson.png
.png,assets/got/textures/banner/maekarBook.png
.png,assets/got/textures/banner/breakstone.png
.png,assets/got/textures/banner/sept.png
.png,assets/got/textures/banner/cleos.png
.png,assets/got/textures/banner/tarbeck.png
.png,assets/got/textures/banner/rhaegar.png
.png,assets/got/textures/banner/byrch.png
.png,assets/got/textures/banner/myr.png
.png,assets/got/textures/banner/morgryn.png
.png,assets/got/textures/banner/wull.png
.png,assets/got/textures/banner/moss.png
.png,assets/got/textures/banner/qohor.png
.png,assets/got/textures/banner/shawney.png
.png,assets/got/textures/banner/bronn.png
.png,assets/got/textures/banner/towersN.png
.png,assets/got/textures/banner/mormont.png
.png,assets/got/textures/banner/blackfishBook.png
.png,assets/got/textures/banner/payne.png
.png,assets/got/textures/banner/errol.png
.png,assets/got/textures/banner/whitehillBook.png
.png,assets/got/textures/banner/strong.png
.png,assets/got/textures/banner/jast.png
.png,assets/got/textures/banner/poole.png
.png,assets/got/textures/banner/toyne.png
.png,assets/got/textures/banner/yi_ti_har.png
.png,assets/got/textures/banner/ruttiger.png
.png,assets/got/textures/banner/stackhouse.png
.png,assets/got/textures/banner/forrester.png
.png,assets/got/textures/banner/mopatis.png
.png,assets/got/textures/banner/locke.png
.png,assets/got/textures/banner/wynch.png
.png,assets/got/textures/banner/greyjoyBook.png
.png,assets/got/textures/banner/thenn.png
.png,assets/got/textures/banner/redwyneBook.png
.png,assets/got/textures/banner/cargyle.png
.png,assets/got/textures/banner/hawthorne.png
.png,assets/got/textures/banner/renlyguard.png
.png,assets/got/textures/banner/greens.png
.png,assets/got/textures/banner/doggett.png
.png,assets/got/textures/banner/mertyns.png
.png,assets/got/textures/banner/newghis.png
.png,assets/got/textures/banner/waterman.png
.png,assets/got/textures/banner/lothston.png
.png,assets/got/textures/banner/lannister.png
.png,assets/got/textures/banner/rodrikryswell.png
.png,assets/got/textures/banner/buckler.png
.png,assets/got/textures/banner/stout.png
.png,assets/got/textures/banner/grimm.png
.png,assets/got/textures/banner/osgrey.png
.png,assets/got/textures/banner/renly.png
.png,assets/got/textures/banner/tyrell.png
.png,assets/got/textures/banner/blanetree.png
.png,assets/got/textures/banner/firstmen.png
.png,assets/got/textures/banner/reyneBook.png
.png,assets/got/textures/banner/daeron.png
.png,assets/got/textures/banner/starkD.png
.png,assets/got/textures/banner/roxton.png
.png,assets/got/textures/banner/baelishBook.png
.png,assets/got/textures/banner/maesters.png
.png,assets/got/textures/banner/herston.png
.png,assets/got/textures/banner/santagar.png
.png,assets/got/textures/banner/florent.png
.png,assets/got/textures/banner/burley.png
.png,assets/got/textures/banner/myatt.png
.png,assets/got/textures/banner/smallwood.png
.png,assets/got/textures/banner/longtorpe.png
.png,assets/got/textures/banner/bravecompanions.png
.png,assets/got/textures/banner/redwyne.png
.png,assets/got/textures/banner/kettleblack.png
.png,assets/got/textures/banner/goodbrotherCL.png
.png,assets/got/textures/banner/sparr.png
.png,assets/got/textures/banner/cox.png
.png,assets/got/textures/banner/brotherhood.png
.png,assets/got/textures/banner/goodbrotherD.png
.png,assets/got/textures/banner/cassel.png
.png,assets/got/textures/banner/heddle.png
.png,assets/got/textures/banner/valarrBook.png
.png,assets/got/textures/banner/sparrow.png
.png,assets/got/textures/banner/pearse.png
.png,assets/got/textures/banner/harroldhardyng.png
.png,assets/got/textures/banner/farwyndLL.png
.png,assets/got/textures/banner/royceBook.png
.png,assets/got/textures/banner/ironmaker.png
.png,assets/got/textures/banner/shermer.png
.png,assets/got/textures/banner/lonmouth.png
.png,assets/got/textures/banner/swygert.png
.png,assets/got/textures/banner/wells.png
.png,assets/got/textures/banner/harlawTG.png
.png,assets/got/textures/banner/duncan.png
.png,assets/got/textures/banner/thorne.png
.png,assets/got/textures/banner/faceless.png
.png,assets/got/textures/banner/harlawHH.png
.png,assets/got/textures/banner/euron.png
.png,assets/got/textures/banner/knott.png
.png,assets/got/textures/banner/fossowayNB.png
.png,assets/got/textures/banner/serry.png
.png,assets/got/textures/banner/massey.png
.png,assets/got/textures/banner/templeton.png
.png,assets/got/textures/banner/lyberr.png
.png,assets/got/textures/banner/lothor.png
.png,assets/got/textures/banner/baremmon.png
.png,assets/got/textures/banner/whitegrove.png
.png,assets/got/textures/banner/tigers.png
.png,assets/got/textures/banner/fenn.png
.png,assets/got/textures/banner/shettgtower.png
.png,assets/got/textures/banner/tully.png
.png,assets/got/textures/banner/tyrion.png
.png,assets/got/textures/banner/kidwell.png
.png,assets/got/textures/banner/goodbrotherCSK.png
.png,assets/got/textures/banner/bywater.png
.png,assets/got/textures/banner/kenning.png
.png,assets/got/textures/banner/darklyn.png
.png,assets/got/textures/banner/serret.png
.png,assets/got/textures/banner/yi_ti_lo.png
.png,assets/got/textures/banner/robb.png
.png,assets/got/textures/banner/haigh.png
.png,assets/got/textures/banner/foote.png
.png,assets/got/textures/banner/barbrey.png
.png,assets/got/textures/banner/aerionBook.png
.png,assets/got/textures/banner/crabb.png
.png,assets/got/textures/banner/yew.png
.png,assets/got/textures/banner/merryweather.png
.png,assets/got/textures/banner/morrigen.png
.png,assets/got/textures/banner/ghiscar.png
.png,assets/got/textures/banner/hardyng.png
.png,assets/got/textures/banner/underleaf.png
.png,assets/got/textures/banner/elesham.png
.png,assets/got/textures/banner/victarion.png
.png,assets/got/textures/banner/swann.png
.png,assets/got/textures/banner/bennis.png
.png,assets/got/textures/banner/orkwood.png
.png,assets/got/textures/banner/dustin.png
.png,assets/got/textures/banner/robertB.png
.png,assets/got/textures/banner/yarwyck.png
.png,assets/got/textures/banner/royce.png
.png,assets/got/textures/banner/stackspear.png
.png,assets/got/textures/banner/orme.png
.png,assets/got/textures/banner/ladybright.png
.png,assets/got/textures/banner/glover.png
.png,assets/got/textures/banner/swannBook.png
.png,assets/got/textures/banner/lynderly.png
.png,assets/got/textures/banner/lychester.png
.png,assets/got/textures/banner/rogerblackwood.png
.png,assets/got/textures/banner/tallad.png
.png,assets/got/textures/items/alloy_steel_nugget.png
.png,assets/got/textures/items/ibben_boots.png
.png,assets/got/textures/items/lion_fur.png
.png,assets/got/textures/items/valyrian_horse_armor.png
.png,assets/got/textures/items/maple_syrup.png
.png,assets/got/textures/items/reachguard_helmet.png
.png,assets/got/textures/items/kebab.png
.png,assets/got/textures/items/valyrian_hoe.png
.png,assets/got/textures/items/reeds.png
.png,assets/got/textures/items/mug_cherry_liqueur_liquid.png
.png,assets/got/textures/items/smith_scroll.png
.png,assets/got/textures/items/joffrey_baratheon_crossbow_pull_0.png
.png,assets/got/textures/items/yam.png
.png,assets/got/textures/items/cracker_silver.png
.png,assets/got/textures/items/copper_mattock.png
.png,assets/got/textures/items/westerlandsguard_chestplate.png
.png,assets/got/textures/items/katana.png
.png,assets/got/textures/items/valyrian_dagger.png
.png,assets/got/textures/items/golden_company_boots.png
.png,assets/got/textures/items/iron_greatsword.png
.png,assets/got/textures/items/wood_dagger_poisoned.png
.png,assets/got/textures/items/salt.png
.png,assets/got/textures/items/blackfyre.png
.png,assets/got/textures/items/salted_flesh.png
.png,assets/got/textures/items/bottle_poison.png
.png,assets/got/textures/items/copper_chestplate.png
.png,assets/got/textures/items/arrow_poisoned.png
.png,assets/got/textures/items/ironborn_leggings.png
.png,assets/got/textures/items/door_beech.png
.png,assets/got/textures/items/lorath_chestplate.png
.png,assets/got/textures/items/leather_hat.png
.png,assets/got/textures/items/warhorn_base.png
.png,assets/got/textures/items/quest_offer.png
.png,assets/got/textures/items/dye_charcoal.png
.png,assets/got/textures/items/pentos_helmet.png
.png,assets/got/textures/items/corn_stalk.png
.png,assets/got/textures/items/door_baobab.png
.png,assets/got/textures/items/door_olive.png
.png,assets/got/textures/items/mug_unsullied_tonic_liquid.png
.png,assets/got/textures/items/stormlands_leggings.png
.png,assets/got/textures/items/iron_longsword.png
.png,assets/got/textures/items/bronze_crossbow_pull_2.png
.png,assets/got/textures/items/alloy_steel_chainmail_boots.png
.png,assets/got/textures/items/valyrian_chainmail_helmet.png
.png,assets/got/textures/items/stormlands_chestplate.png
.png,assets/got/textures/items/dorne_chestplate.png
.png,assets/got/textures/items/sandor_clegane_sword.png
.png,assets/got/textures/items/wheel.png
.png,assets/got/textures/items/gift_boots.png
.png,assets/got/textures/items/dragonstone_helmet.png
.png,assets/got/textures/items/north_leggings.png
.png,assets/got/textures/items/elephant_raw.png
.png,assets/got/textures/items/riverlands_chestplate.png
.png,assets/got/textures/items/mug_pomegranate_juice_liquid.png
.png,assets/got/textures/items/ruby.png
.png,assets/got/textures/items/coin_4096.png
.png,assets/got/textures/items/flax_seeds.png
.png,assets/got/textures/items/lhazar_helmet.png
.png,assets/got/textures/items/door_date_palm.png
.png,assets/got/textures/items/drink_clay.png
.png,assets/got/textures/items/kingsguard_helmet.png
.png,assets/got/textures/items/pear.png
.png,assets/got/textures/items/obsidian_dagger_poisoned.png
.png,assets/got/textures/items/robert_baratheon_helmet.png
.png,assets/got/textures/items/volantis_chestplate.png
.png,assets/got/textures/items/skull_staff.png
.png,assets/got/textures/items/north_boots.png
.png,assets/got/textures/items/braavos_leggings.png
.png,assets/got/textures/items/bear_rug_black.png
.png,assets/got/textures/items/harpoon.png
.png,assets/got/textures/items/mug_water_liquid.png
.png,assets/got/textures/items/pipeweed_leaf.png
.png,assets/got/textures/items/turnip_cooked.png
.png,assets/got/textures/items/crossbow_bolt.png
.png,assets/got/textures/items/iron_spear.png
.png,assets/got/textures/items/lady_forlorn.png
.png,assets/got/textures/items/dye_brown.png
.png,assets/got/textures/items/structure_spawner_base.png
.png,assets/got/textures/items/melon_soup.png
.png,assets/got/textures/items/dragonstone_boots.png
.png,assets/got/textures/items/banana_cake.png
.png,assets/got/textures/items/lingering_potion_bottle_splash.png
.png,assets/got/textures/items/alloy_steel_chainmail_helmet.png
.png,assets/got/textures/items/northguard_chestplate.png
.png,assets/got/textures/items/turnip.png
.png,assets/got/textures/items/petyr_baelish_brooch.png
.png,assets/got/textures/items/clay_mug.png
.png,assets/got/textures/items/seeds_grape_red.png
.png,assets/got/textures/items/kingsguard_boots.png
.png,assets/got/textures/items/valyrian_pike.png
.png,assets/got/textures/items/door_redwood.png
.png,assets/got/textures/items/wood_throwing_axe.png
.png,assets/got/textures/items/golden_company_chestplate.png
.png,assets/got/textures/items/reach_chestplate.png
.png,assets/got/textures/items/goblet_gold.png
.png,assets/got/textures/items/valyrian_leggings.png
.png,assets/got/textures/items/yi_ti_helmet_captain.png
.png,assets/got/textures/items/chestnut.png
.png,assets/got/textures/items/robert_baratheon_hammer.png
.png,assets/got/textures/items/obsidian_dagger.png
.png,assets/got/textures/items/red_clay_ball.png
.png,assets/got/textures/items/ice_sword.png
.png,assets/got/textures/items/gold_spear.png
.png,assets/got/textures/items/bronze_chainmail_boots.png
.png,assets/got/textures/items/mug_orange_juice_liquid.png
.png,assets/got/textures/items/iron_dagger.png
.png,assets/got/textures/items/obsidian_mattock.png
.png,assets/got/textures/items/westerlands_boots.png
.png,assets/got/textures/items/gendry_helmet.png
.png,assets/got/textures/items/mug_lemonade_liquid.png
.png,assets/got/textures/items/alloy_steel_scimitar.png
.png,assets/got/textures/items/fur_bed.png
.png,assets/got/textures/items/brightroar.png
.png,assets/got/textures/items/mossovy_boots.png
.png,assets/got/textures/items/pouch_small_open.png
.png,assets/got/textures/items/bronze_scimitar.png
.png,assets/got/textures/items/lorath_leggings.png
.png,assets/got/textures/items/dye_green.png
.png,assets/got/textures/items/stone_spear.png
.png,assets/got/textures/items/lhazar_chestplate.png
.png,assets/got/textures/items/robes_helmet.png
.png,assets/got/textures/items/arryn_leggings.png
.png,assets/got/textures/items/pipeweed_seeds.png
.png,assets/got/textures/items/crowbar.png
.png,assets/got/textures/items/leather_hat_feather.png
.png,assets/got/textures/items/mug_banana_beer_liquid.png
.png,assets/got/textures/items/leek_soup.png
.png,assets/got/textures/items/yi_ti_leggings.png
.png,assets/got/textures/items/leek.png
.png,assets/got/textures/items/door_fir.png
.png,assets/got/textures/items/norvos_helmet.png
.png,assets/got/textures/items/indomitable.png
.png,assets/got/textures/items/tyrosh_leggings.png
.png,assets/got/textures/items/crownlands_helmet.png
.png,assets/got/textures/items/drink_mug.png
.png,assets/got/textures/items/mango.png
.png,assets/got/textures/items/crossbow_bolt_poisoned.png
.png,assets/got/textures/items/yi_ti_bombardier_helmet.png
.png,assets/got/textures/items/banana.png
.png,assets/got/textures/items/lime.png
.png,assets/got/textures/items/copper_spear.png
.png,assets/got/textures/items/rope.png
.png,assets/got/textures/items/sothoryos_boots.png
.png,assets/got/textures/items/blueberry.png
.png,assets/got/textures/items/door_acacia.png
.png,assets/got/textures/items/lys_helmet.png
.png,assets/got/textures/items/pouch_small_open_overlay.png
.png,assets/got/textures/items/jogos_nhai_leggings.png
.png,assets/got/textures/items/white_walkers_boots.png
.png,assets/got/textures/items/golden_company_helmet.png
.png,assets/got/textures/items/drink_bottle.png
.png,assets/got/textures/items/fur_leggings.png
.png,assets/got/textures/items/kelp.png
.png,assets/got/textures/items/pouch_large.png
.png,assets/got/textures/items/door_banana.png
.png,assets/got/textures/items/wood_spear.png
.png,assets/got/textures/items/ghiscar_chestplate.png
.png,assets/got/textures/items/bronze_leggings.png
.png,assets/got/textures/items/jogos_nhai_boots.png
.png,assets/got/textures/items/gold_crossbow.png
.png,assets/got/textures/items/pentos_leggings.png
.png,assets/got/textures/items/reachguard_leggings.png
.png,assets/got/textures/items/tyrosh_boots.png
.png,assets/got/textures/items/copper_dagger_poisoned.png
.png,assets/got/textures/items/mutton_raw.png
.png,assets/got/textures/items/door_aramant.png
.png,assets/got/textures/items/topaz.png
.png,assets/got/textures/items/valyrian_pickaxe.png
.png,assets/got/textures/items/riverlands_leggings.png
.png,assets/got/textures/items/crownlands_boots.png
.png,assets/got/textures/items/alloy_steel_crossbow_pull_2.png
.png,assets/got/textures/items/cherry_pie.png
.png,assets/got/textures/items/sandor_clegane_helmet.png
.png,assets/got/textures/items/bone_chestplate.png
.png,assets/got/textures/items/alloy_steel_greatsword.png
.png,assets/got/textures/items/bronze_chestplate.png
.png,assets/got/textures/items/alloy_steel_leggings.png
.png,assets/got/textures/items/alloy_steel_axe.png
.png,assets/got/textures/items/mug_cactus_liqueur_liquid.png
.png,assets/got/textures/items/chestnut_roast.png
.png,assets/got/textures/items/asshai_shadowbinder_staff.png
.png,assets/got/textures/items/bronze_throwing_axe.png
.png,assets/got/textures/items/dothraki_helmet.png
.png,assets/got/textures/items/shish_kebab.png
.png,assets/got/textures/items/valyrian_mattock.png
.png,assets/got/textures/items/crownlands_chestplate.png
.png,assets/got/textures/items/command_sword.png
.png,assets/got/textures/items/cutwave.png
.png,assets/got/textures/items/slot_bomb.png
.png,assets/got/textures/items/bronze_spear.png
.png,assets/got/textures/items/grape_red.png
.png,assets/got/textures/items/lion_boots.png
.png,assets/got/textures/items/alloy_steel_mattock.png
.png,assets/got/textures/items/walrus_lard_cooked.png
.png,assets/got/textures/items/mug_red_wine_liquid.png
.png,assets/got/textures/items/lion_fur_bed.png
.png,assets/got/textures/items/door_almond.png
.png,assets/got/textures/items/vigilance.png
.png,assets/got/textures/items/stone_battleaxe.png
.png,assets/got/textures/items/branding_iron.png
.png,assets/got/textures/items/copper_throwing_axe.png
.png,assets/got/textures/items/door_pear.png
.png,assets/got/textures/items/sothoryos_double_torch.png
.png,assets/got/textures/items/dye_niphredil.png
.png,assets/got/textures/items/mug_termite_tequila_liquid.png
.png,assets/got/textures/items/mug_mead_liquid.png
.png,assets/got/textures/items/bronze_hoe.png
.png,assets/got/textures/items/door_weirwood.png
.png,assets/got/textures/items/copper_shovel.png
.png,assets/got/textures/items/yi_ti_bombardier_leggings.png
.png,assets/got/textures/items/raspberry.png
.png,assets/got/textures/items/kebab_stand_sand.png
.png,assets/got/textures/items/longclaw.png
.png,assets/got/textures/items/mug_carrot_wine_liquid.png
.png,assets/got/textures/items/bronze_shovel.png
.png,assets/got/textures/items/mug_milk_liquid.png
.png,assets/got/textures/items/mug_sour_milk_liquid.png
.png,assets/got/textures/items/sapphire.png
.png,assets/got/textures/items/yi_ti_bombardier_boots.png
.png,assets/got/textures/items/fuse.png
.png,assets/got/textures/items/iron_pike.png
.png,assets/got/textures/items/silver_nugget.png
.png,assets/got/textures/items/orange.png
.png,assets/got/textures/items/lemon_cake.png
.png,assets/got/textures/items/gammon.png
.png,assets/got/textures/items/banner_base.png
.png,assets/got/textures/items/fur_helmet.png
.png,assets/got/textures/items/bronze_pike.png
.png,assets/got/textures/items/rabbit_stew.png
.png,assets/got/textures/items/apple_crumble.png
.png,assets/got/textures/items/obsidian_shard.png
.png,assets/got/textures/items/camel_raw.png
.png,assets/got/textures/items/door_dark_oak.png
.png,assets/got/textures/items/westerlands_leggings.png
.png,assets/got/textures/items/lingering_potion_bottle_lingering.png
.png,assets/got/textures/items/oryx_leggings.png
.png,assets/got/textures/items/sulfur.png
.png,assets/got/textures/items/gold_scimitar.png
.png,assets/got/textures/items/door_mahogany.png
.png,assets/got/textures/items/north_chestplate.png
.png,assets/got/textures/items/mug_rum_liquid.png
.png,assets/got/textures/items/bronze_crossbow_pull_0.png
.png,assets/got/textures/items/iron_crossbow_pull_1.png
.png,assets/got/textures/items/obsidian_scimitar.png
.png,assets/got/textures/items/hillmen_chestplate.png
.png,assets/got/textures/items/gold_chainmail_chestplate.png
.png,assets/got/textures/items/needle.png
.png,assets/got/textures/items/wood_pike.png
.png,assets/got/textures/items/volantis_boots.png
.png,assets/got/textures/items/riverlands_helmet.png
.png,assets/got/textures/items/pouch_small.png
.png,assets/got/textures/items/horn.png
.png,assets/got/textures/items/iron_battleaxe.png
.png,assets/got/textures/items/beaver_raw.png
.png,assets/got/textures/items/valyrian_longsword.png
.png,assets/got/textures/items/joffrey_baratheon_crossbow_pull_2.png
.png,assets/got/textures/items/golden_company_leggings.png
.png,assets/got/textures/items/goblet_valyrian.png
.png,assets/got/textures/items/robes_chestplate.png
.png,assets/got/textures/items/cranberry.png
.png,assets/got/textures/items/alloy_steel_ingot.png
.png,assets/got/textures/items/copper_crossbow_pull_2.png
.png,assets/got/textures/items/copper_sword.png
.png,assets/got/textures/items/rhino_armor.png
.png,assets/got/textures/items/copper_axe.png
.png,assets/got/textures/items/structure_spawner_village_base.png
.png,assets/got/textures/items/mug_elderberry_juice_liquid.png
.png,assets/got/textures/items/mug_ethanol_liquid.png
.png,assets/got/textures/items/riverlands_boots.png
.png,assets/got/textures/items/mug_blackberry_juice_liquid.png
.png,assets/got/textures/items/coin_4.png
.png,assets/got/textures/items/door_rotten.png
.png,assets/got/textures/items/dragonstone_chestplate.png
.png,assets/got/textures/items/corn.png
.png,assets/got/textures/items/norvos_boots.png
.png,assets/got/textures/items/copper_ring.png
.png,assets/got/textures/items/bronze_crossbow_pull_1.png
.png,assets/got/textures/items/bronze_dagger_poisoned.png
.png,assets/got/textures/items/straw_bed.png
.png,assets/got/textures/items/goblet_silver.png
.png,assets/got/textures/items/goblet_copper.png
.png,assets/got/textures/items/door_charred.png
.png,assets/got/textures/items/coin_1024.png
.png,assets/got/textures/items/chisel.png
.png,assets/got/textures/items/mug_mango_juice_liquid.png
.png,assets/got/textures/items/drink_goblet_bronze.png
.png,assets/got/textures/items/orphan_maker.png
.png,assets/got/textures/items/door_palm.png
.png,assets/got/textures/items/valyrian_boots.png
.png,assets/got/textures/items/myr_boots.png
.png,assets/got/textures/items/anonymous_mask.png
.png,assets/got/textures/items/door_plum.png
.png,assets/got/textures/items/lamentation.png
.png,assets/got/textures/items/bone_boots.png
.png,assets/got/textures/items/door_willow.png
.png,assets/got/textures/items/oryx_horn.png
.png,assets/got/textures/items/tyrosh_chestplate.png
.png,assets/got/textures/items/pastry.png
.png,assets/got/textures/items/mug_plum_kvass_liquid.png
.png,assets/got/textures/items/volantis_leggings.png
.png,assets/got/textures/items/silver_ring.png
.png,assets/got/textures/items/giraffe_rug_giraffe.png
.png,assets/got/textures/items/tyrosh_helmet.png
.png,assets/got/textures/items/westerlandsguard_boots.png
.png,assets/got/textures/items/icon_heraldry.png
.png,assets/got/textures/items/valyrian_helmet.png
.png,assets/got/textures/items/elderberry.png
.png,assets/got/textures/items/lys_leggings.png
.png,assets/got/textures/items/gold_mattock.png
.png,assets/got/textures/items/lingering_potion_bottle_empty.png
.png,assets/got/textures/items/termite.png
.png,assets/got/textures/items/goblet_bronze.png
.png,assets/got/textures/items/valyrian_throwing_axe.png
.png,assets/got/textures/items/summer_helmet.png
.png,assets/got/textures/items/obsidian_shovel.png
.png,assets/got/textures/items/wood_mattock.png
.png,assets/got/textures/items/copper_chainmail_chestplate.png
.png,assets/got/textures/items/alloy_steel_hammer.png
.png,assets/got/textures/items/ghiscar_leggings.png
.png,assets/got/textures/items/alloy_steel_crossbow_pull_0.png
.png,assets/got/textures/items/bronze_mattock.png
.png,assets/got/textures/items/raisins.png
.png,assets/got/textures/items/mug_chocolate_liquid.png
.png,assets/got/textures/items/door_apple.png
.png,assets/got/textures/items/oryx_boots.png
.png,assets/got/textures/items/tyrion_lannister_brooch.png
.png,assets/got/textures/items/mug_poppy_milk_liquid.png
.png,assets/got/textures/items/valyrian_scimitar.png
.png,assets/got/textures/items/hearteater.png
.png,assets/got/textures/items/lion_leggings.png
.png,assets/got/textures/items/alloy_steel_chainmail_leggings.png
.png,assets/got/textures/items/qohor_leggings.png
.png,assets/got/textures/items/mug_cider_liquid.png
.png,assets/got/textures/items/unsullied_leggings.png
.png,assets/got/textures/items/yi_ti_samurai_chestplate.png
.png,assets/got/textures/items/wildberry.png
.png,assets/got/textures/items/door_green_oak.png
.png,assets/got/textures/items/ironborn_boots.png
.png,assets/got/textures/items/myr_chestplate.png
.png,assets/got/textures/items/mug_araq_liquid.png
.png,assets/got/textures/items/cracker_gold.png
.png,assets/got/textures/items/gold_chainmail_boots.png
.png,assets/got/textures/items/opal.png
.png,assets/got/textures/items/dothraki_boots.png
.png,assets/got/textures/items/sulfur_match.png
.png,assets/got/textures/items/mug_melon_liqueur_liquid.png
.png,assets/got/textures/items/black_arakh.png
.png,assets/got/textures/items/mug_corn_liquor_liquid.png
.png,assets/got/textures/items/mug_raspberry_juice_liquid.png
.png,assets/got/textures/items/volantis_helmet.png
.png,assets/got/textures/items/arryn_boots.png
.png,assets/got/textures/items/sarbacane.png
.png,assets/got/textures/items/gold_dagger_poisoned.png
.png,assets/got/textures/items/club.png
.png,assets/got/textures/items/joffrey_baratheon_crossbow.png
.png,assets/got/textures/items/alloy_steel_hoe.png
.png,assets/got/textures/items/valyrian_crossbow_pull_2.png
.png,assets/got/textures/items/rhino_cooked.png
.png,assets/got/textures/items/asshai_mask.png
.png,assets/got/textures/items/valyrian_spear.png
.png,assets/got/textures/items/dothraki_chestplate.png
.png,assets/got/textures/items/mossovy_chestplate.png
.png,assets/got/textures/items/drink_skin.png
.png,assets/got/textures/items/arrow_fire.png
.png,assets/got/textures/items/cobalt_blue.png
.png,assets/got/textures/items/stone_pike.png
.png,assets/got/textures/items/door_pine.png
.png,assets/got/textures/items/pouch_medium.png
.png,assets/got/textures/items/targaryen_boots.png
.png,assets/got/textures/items/hand_gold.png
.png,assets/got/textures/items/northguard_leggings.png
.png,assets/got/textures/items/camel_cooked.png
.png,assets/got/textures/items/asshai_archmag_staff.png
.png,assets/got/textures/items/yi_ti_samurai_boots.png
.png,assets/got/textures/items/valyrian_sword.png
.png,assets/got/textures/items/northguard_helmet.png
.png,assets/got/textures/items/ale_horn_gold.png
.png,assets/got/textures/items/pouch_large_overlay.png
.png,assets/got/textures/items/ironborn_chestplate.png
.png,assets/got/textures/items/fur.png
.png,assets/got/textures/items/kingsguard_chestplate.png
.png,assets/got/textures/items/copper_leggings.png
.png,assets/got/textures/items/summer_leggings.png
.png,assets/got/textures/items/drink_skull.png
.png,assets/got/textures/items/door_cedar.png
.png,assets/got/textures/items/amber.png
.png,assets/got/textures/items/banner_overlay.png
.png,assets/got/textures/items/bronze_ingot.png
.png,assets/got/textures/items/alloy_steel_chestplate.png
.png,assets/got/textures/items/drink_goblet_gold.png
.png,assets/got/textures/items/widow_wail.png
.png,assets/got/textures/items/dragonstone_leggings.png
.png,assets/got/textures/items/obsidian_axe.png
.png,assets/got/textures/items/alloy_steel_spear.png
.png,assets/got/textures/items/banana_bread.png
.png,assets/got/textures/items/bounty_trophy.png
.png,assets/got/textures/items/bronze_ring.png
.png,assets/got/textures/items/red_rain.png
.png,assets/got/textures/items/trident.png
.png,assets/got/textures/items/honor.png
.png,assets/got/textures/items/coin_64.png
.png,assets/got/textures/items/mug_perry_liquid.png
.png,assets/got/textures/items/mug_white_wine_liquid.png
.png,assets/got/textures/items/cargocart.png
.png,assets/got/textures/items/lys_chestplate.png
.png,assets/got/textures/items/ibben_leggings.png
.png,assets/got/textures/items/structure_spawner_village_overlay.png
.png,assets/got/textures/items/wood_scimitar.png
.png,assets/got/textures/items/cracker_green.png
.png,assets/got/textures/items/copper_boots.png
.png,assets/got/textures/items/lys_boots.png
.png,assets/got/textures/items/pouch_large_open.png
.png,assets/got/textures/items/coin_256.png
.png,assets/got/textures/items/zebra_cooked.png
.png,assets/got/textures/items/tidewings.png
.png,assets/got/textures/items/kebab_stand.png
.png,assets/got/textures/items/westerlands_helmet.png
.png,assets/got/textures/items/flax.png
.png,assets/got/textures/items/gold_dagger.png
.png,assets/got/textures/items/door_cypress.png
.png,assets/got/textures/items/ice_heavy_sword.png
.png,assets/got/textures/items/drink_goblet_wood.png
.png,assets/got/textures/items/door_kanuka.png
.png,assets/got/textures/items/lorath_boots.png
.png,assets/got/textures/items/silver_ingot.png
.png,assets/got/textures/items/yi_ti_boots.png
.png,assets/got/textures/items/amethyst.png
.png,assets/got/textures/items/lion_rug_lioness.png
.png,assets/got/textures/items/targaryen_helmet.png
.png,assets/got/textures/items/alloy_steel_shovel.png
.png,assets/got/textures/items/cracker_blue.png
.png,assets/got/textures/items/gold_battleaxe.png
.png,assets/got/textures/items/pouch_medium_open.png
.png,assets/got/textures/items/bear_rug_light.png
.png,assets/got/textures/items/targaryen_chestplate.png
.png,assets/got/textures/items/gregor_clegane_sword.png
.png,assets/got/textures/items/ice_shard.png
.png,assets/got/textures/items/valyrian_dagger_poisoned.png
.png,assets/got/textures/items/qohor_chestplate.png
.png,assets/got/textures/items/bone_helmet.png
.png,assets/got/textures/items/command_horn.png
.png,assets/got/textures/items/waterskin.png
.png,assets/got/textures/items/plum.png
.png,assets/got/textures/items/cracker_red.png
.png,assets/got/textures/items/oryx_helmet.png
.png,assets/got/textures/items/elephant_cooked.png
.png,assets/got/textures/items/marzipan_chocolate.png
.png,assets/got/textures/items/reach_helmet.png
.png,assets/got/textures/items/stone_dagger_poisoned.png
.png,assets/got/textures/items/wood_hammer.png
.png,assets/got/textures/items/drink_glass.png
.png,assets/got/textures/items/barrel_empty_bucket_slot.png
.png,assets/got/textures/items/rhino_raw.png
.png,assets/got/textures/items/iron_crossbow_pull_0.png
.png,assets/got/textures/items/wood_dagger.png
.png,assets/got/textures/items/sothoryos_leggings.png
.png,assets/got/textures/items/ghiscar_helmet.png
.png,assets/got/textures/items/tin_ingot.png
.png,assets/got/textures/items/qohor_helmet.png
.png,assets/got/textures/items/mossovy_leggings.png
.png,assets/got/textures/items/white_walkers_chestplate.png
.png,assets/got/textures/items/rabbit_cooked.png
.png,assets/got/textures/items/copper_crossbow.png
.png,assets/got/textures/items/mug_maple_beer_liquid.png
.png,assets/got/textures/items/qarth_leggings.png
.png,assets/got/textures/items/lion_raw.png
.png,assets/got/textures/items/unsullied_boots.png
.png,assets/got/textures/items/reachguard_chestplate.png
.png,assets/got/textures/items/arrynguard_helmet.png
.png,assets/got/textures/items/mug.png
.png,assets/got/textures/items/mug_gin_liquid.png
.png,assets/got/textures/items/gate_gear.png
.png,assets/got/textures/items/pouch_medium_overlay.png
.png,assets/got/textures/items/lhazar_boots.png
.png,assets/got/textures/items/qarth_chestplate.png
.png,assets/got/textures/items/door_spruce.png
.png,assets/got/textures/items/obsidian_pickaxe.png
.png,assets/got/textures/items/alloy_steel_sword.png
.png,assets/got/textures/items/corn_bread.png
.png,assets/got/textures/items/bronze_crossbow.png
.png,assets/got/textures/items/norvos_leggings.png
.png,assets/got/textures/items/qohor_boots.png
.png,assets/got/textures/items/arrynguard_leggings.png
.png,assets/got/textures/items/alloy_steel_dagger.png
.png,assets/got/textures/items/copper_chainmail_leggings.png
.png,assets/got/textures/items/emerald.png
.png,assets/got/textures/items/walrus_lard_raw.png
.png,assets/got/textures/items/stone_hammer.png
.png,assets/got/textures/items/deer_cooked.png
.png,assets/got/textures/items/door_holly.png
.png,assets/got/textures/items/copper_battleaxe.png
.png,assets/got/textures/items/beaver_cooked.png
.png,assets/got/textures/items/bronze_axe.png
.png,assets/got/textures/items/obsidian_pike.png
.png,assets/got/textures/items/darkstar.png
.png,assets/got/textures/items/arrynguard_chestplate.png
.png,assets/got/textures/items/skull_cup.png
.png,assets/got/textures/items/robes_boots.png
.png,assets/got/textures/items/robes_helmet_ornament.png
.png,assets/got/textures/items/diamond.png
.png,assets/got/textures/items/zebra_raw.png
.png,assets/got/textures/items/hand_silver.png
.png,assets/got/textures/items/warhorn_overlay.png
.png,assets/got/textures/items/copper_longsword.png
.png,assets/got/textures/items/joffrey_baratheon_crossbow_pull_1.png
.png,assets/got/textures/items/grape_white.png
.png,assets/got/textures/items/cherry.png
.png,assets/got/textures/items/westerlandsguard_leggings.png
.png,assets/got/textures/items/mug_cranberry_juice_liquid.png
.png,assets/got/textures/items/valyrian_chestplate.png
.png,assets/got/textures/items/dothraki_leggings.png
.png,assets/got/textures/items/slot_melee.png
.png,assets/got/textures/items/beaver_tail.png
.png,assets/got/textures/items/copper_crossbow_pull_0.png
.png,assets/got/textures/items/bronze_longsword.png
.png,assets/got/textures/items/copper_helmet.png
.png,assets/got/textures/items/saltpeter.png
.png,assets/got/textures/items/dark_sister.png
.png,assets/got/textures/items/alloy_steel_throwing_axe.png
.png,assets/got/textures/items/alloy_steel_pickaxe.png
.png,assets/got/textures/items/gold_longsword.png
.png,assets/got/textures/items/pipeweed.png
.png,assets/got/textures/items/dart.png
.png,assets/got/textures/items/bronze_pickaxe.png
.png,assets/got/textures/items/valyrian_chisel.png
.png,assets/got/textures/items/sunspear.png
.png,assets/got/textures/items/copper_greatsword.png
.png,assets/got/textures/items/stormlands_helmet.png
.png,assets/got/textures/items/lion_cooked.png
.png,assets/got/textures/items/door_ibbinia.png
.png,assets/got/textures/items/door_catalpa.png
.png,assets/got/textures/items/copper_pike.png
.png,assets/got/textures/items/door_mangrove.png
.png,assets/got/textures/items/bronze_battleaxe.png
.png,assets/got/textures/items/reminder.png
.png,assets/got/textures/items/iron_nugget.png
.png,assets/got/textures/items/pomegranate.png
.png,assets/got/textures/items/mug_whisky_liquid.png
.png,assets/got/textures/items/blacksmith_hammer.png
.png,assets/got/textures/items/copper_hoe.png
.png,assets/got/textures/items/mug_white_grape_juice_liquid.png
.png,assets/got/textures/items/quest_book.png
.png,assets/got/textures/items/mug_plantain_brew_liquid.png
.png,assets/got/textures/items/longbow.png
.png,assets/got/textures/items/wood_battleaxe.png
.png,assets/got/textures/items/summer_boots.png
.png,assets/got/textures/items/olive.png
.png,assets/got/textures/items/mug_pomegranate_wine_liquid.png
.png,assets/got/textures/items/iron_throwing_axe.png
.png,assets/got/textures/items/mug_sambuca_liquid.png
.png,assets/got/textures/items/gingerbread.png
.png,assets/got/textures/items/pouch_medium_open_overlay.png
.png,assets/got/textures/items/hillmen_boots.png
.png,assets/got/textures/items/olive_bread.png
.png,assets/got/textures/items/diamond_mattock.png
.png,assets/got/textures/items/door_jungle.png
.png,assets/got/textures/items/braavos_helmet.png
.png,assets/got/textures/items/plate.png
.png,assets/got/textures/items/alloy_steel_helmet.png
.png,assets/got/textures/items/stone_mattock.png
.png,assets/got/textures/items/lingering_potion_overlay.png
.png,assets/got/textures/items/gold_crossbow_pull_0.png
.png,assets/got/textures/items/alloy_steel_chainmail_chestplate.png
.png,assets/got/textures/items/petyr_baelish_dagger.png
.png,assets/got/textures/items/door_birch.png
.png,assets/got/textures/items/crownlands_leggings.png
.png,assets/got/textures/items/mutton_cooked.png
.png,assets/got/textures/items/asshai_boots.png
.png,assets/got/textures/items/mug_lemon_liqueur_liquid.png
.png,assets/got/textures/items/coin_16.png
.png,assets/got/textures/items/copper_nugget.png
.png,assets/got/textures/items/marzipan.png
.png,assets/got/textures/items/nightfall.png
.png,assets/got/textures/items/drink_goblet_silver.png
.png,assets/got/textures/items/gift_leggings.png
.png,assets/got/textures/items/braavos_boots.png
.png,assets/got/textures/items/copper_crossbow_pull_1.png
.png,assets/got/textures/items/valyrian_nugget.png
.png,assets/got/textures/items/gold_pike.png
.png,assets/got/textures/items/valyrian_ingot.png
.png,assets/got/textures/items/goblet_wood.png
.png,assets/got/textures/items/door_lemon.png
.png,assets/got/textures/items/yi_ti_bombardier_chestplate.png
.png,assets/got/textures/items/coin_1.png
.png,assets/got/textures/items/pearl.png
.png,assets/got/textures/items/alloy_steel_dagger_poisoned.png
.png,assets/got/textures/items/lion_rug_lion.png
.png,assets/got/textures/items/barrel_empty_mug_slot.png
.png,assets/got/textures/items/mug_lime_liqueur_liquid.png
.png,assets/got/textures/items/lhazar_leggings.png
.png,assets/got/textures/items/valyrian_chainmail_chestplate.png
.png,assets/got/textures/items/unsullied_chestplate.png
.png,assets/got/textures/items/fur_chestplate.png
.png,assets/got/textures/items/gold_hammer.png
.png,assets/got/textures/items/jogos_nhai_helmet.png
.png,assets/got/textures/items/myr_leggings.png
.png,assets/got/textures/items/bronze_hammer.png
.png,assets/got/textures/items/berry_pie.png
.png,assets/got/textures/items/dawn.png
.png,assets/got/textures/items/truth.png
.png,assets/got/textures/items/obsidian_sword.png
.png,assets/got/textures/items/copper_pickaxe.png
.png,assets/got/textures/items/door_chestnut.png
.png,assets/got/textures/items/obsidian_battleaxe.png
.png,assets/got/textures/items/ardrian_celtigar_axe.png
.png,assets/got/textures/items/reach_boots.png
.png,assets/got/textures/items/apple_green.png
.png,assets/got/textures/items/structure_spawner_overlay.png
.png,assets/got/textures/items/sothoryos_chestplate.png
.png,assets/got/textures/items/bronze_helmet.png
.png,assets/got/textures/items/door_dragon.png
.png,assets/got/textures/items/yi_ti_samurai_leggings.png
.png,assets/got/textures/items/copper_chainmail_helmet.png
.png,assets/got/textures/items/ibben_chestplate.png
.png,assets/got/textures/items/iron_scimitar.png
.png,assets/got/textures/items/bronze_sword.png
.png,assets/got/textures/items/stone_dagger.png
.png,assets/got/textures/items/bronze_chainmail_leggings.png
.png,assets/got/textures/items/bronze_chainmail_chestplate.png
.png,assets/got/textures/items/mug_red_grape_juice_liquid.png
.png,assets/got/textures/items/valyrian_axe.png
.png,assets/got/textures/items/white_bison_horn.png
.png,assets/got/textures/items/ale_horn.png
.png,assets/got/textures/items/drink_horn_gold.png
.png,assets/got/textures/items/monford_velaryon_brooch.png
.png,assets/got/textures/items/lettuce.png
.png,assets/got/textures/items/corn_cooked.png
.png,assets/got/textures/items/alloy_steel_pike.png
.png,assets/got/textures/items/ironborn_helmet.png
.png,assets/got/textures/items/asshai_leggings.png
.png,assets/got/textures/items/door_pomegranate.png
.png,assets/got/textures/items/reach_leggings.png
.png,assets/got/textures/items/coin_16384.png
.png,assets/got/textures/items/ice_spear.png
.png,assets/got/textures/items/night_king_sword.png
.png,assets/got/textures/items/npc_respawner.png
.png,assets/got/textures/items/valyrian_crossbow.png
.png,assets/got/textures/items/yam_roast.png
.png,assets/got/textures/items/iron_mattock.png
.png,assets/got/textures/items/valyrian_greatsword.png
.png,assets/got/textures/items/walking_stick.png
.png,assets/got/textures/items/drink_goblet_copper.png
.png,assets/got/textures/items/pentos_chestplate.png
.png,assets/got/textures/items/almond.png
.png,assets/got/textures/items/door_orange.png
.png,assets/got/textures/items/stormlands_boots.png
.png,assets/got/textures/items/mug_shade_evening_liquid.png
.png,assets/got/textures/items/gold_throwing_axe.png
.png,assets/got/textures/items/asshai_chestplate.png
.png,assets/got/textures/items/iron_crossbow_pull_2.png
.png,assets/got/textures/items/rabbit_raw.png
.png,assets/got/textures/items/valyrian_chainmail_leggings.png
.png,assets/got/textures/items/sling.png
.png,assets/got/textures/items/pebble.png
.png,assets/got/textures/items/alloy_steel_longsword.png
.png,assets/got/textures/items/gold_crossbow_pull_2.png
.png,assets/got/textures/items/obsidian_spear.png
.png,assets/got/textures/items/copper_hammer.png
.png,assets/got/textures/items/icon_sword.png
.png,assets/got/textures/items/alloy_steel_crossbow_pull_1.png
.png,assets/got/textures/items/dorne_leggings.png
.png,assets/got/textures/items/valyrian_battleaxe.png
.png,assets/got/textures/items/mushroom_pie.png
.png,assets/got/textures/items/stone_throwing_axe.png
.png,assets/got/textures/items/gift_chestplate.png
.png,assets/got/textures/items/beric_dondarrion_sword.png
.png,assets/got/textures/items/fire_pot.png
.png,assets/got/textures/items/iron_dagger_poisoned.png
.png,assets/got/textures/items/pouch_small_overlay.png
.png,assets/got/textures/items/lorath_helmet.png
.png,assets/got/textures/items/yi_ti_chestplate.png
.png,assets/got/textures/items/mug_blueberry_juice_liquid.png
.png,assets/got/textures/items/pancake.png
.png,assets/got/textures/items/lion_chestplate.png
.png,assets/got/textures/items/sothoryos_helmet.png
.png,assets/got/textures/items/gold_crossbow_pull_1.png
.png,assets/got/textures/items/jogos_nhai_chestplate.png
.png,assets/got/textures/items/rhino_horn.png
.png,assets/got/textures/items/valyrian_shovel.png
.png,assets/got/textures/items/white_walkers_leggings.png
.png,assets/got/textures/items/door_aspen.png
.png,assets/got/textures/items/qarth_helmet.png
.png,assets/got/textures/items/bear_rug_dark.png
.png,assets/got/textures/items/heartsbane.png
.png,assets/got/textures/items/hillmen_helmet.png
.png,assets/got/textures/items/gold_ring.png
.png,assets/got/textures/items/pipe.png
.png,assets/got/textures/items/wine_glass.png
.png,assets/got/textures/items/drink_goblet_valyrian.png
.png,assets/got/textures/items/dorne_boots.png
.png,assets/got/textures/items/unsullied_helmet.png
.png,assets/got/textures/items/gold_chainmail_helmet.png
.png,assets/got/textures/items/arrynguard_boots.png
.png,assets/got/textures/items/stone_scimitar.png
.png,assets/got/textures/items/copper_ingot.png
.png,assets/got/textures/items/rolling_pin.png
.png,assets/got/textures/items/mug_wild_fire_liquid.png
.png,assets/got/textures/items/valyrian_crossbow_pull_1.png
.png,assets/got/textures/items/oryx_chestplate.png
.png,assets/got/textures/items/fur_boots.png
.png,assets/got/textures/items/door_mango.png
.png,assets/got/textures/items/blackberry.png
.png,assets/got/textures/items/yi_ti_samurai_helmet.png
.png,assets/got/textures/items/dye_bluebell.png
.png,assets/got/textures/items/pruner.png
.png,assets/got/textures/items/copper_chainmail_boots.png
.png,assets/got/textures/items/bronze_greatsword.png
.png,assets/got/textures/items/valyrian_hammer.png
.png,assets/got/textures/items/northguard_boots.png
.png,assets/got/textures/items/yi_ti_helmet.png
.png,assets/got/textures/items/summer_chestplate.png
.png,assets/got/textures/items/hillmen_leggings.png
.png,assets/got/textures/items/ghiscar_boots.png
.png,assets/got/textures/items/branding_iron_hot.png
.png,assets/got/textures/items/alloy_steel_battleaxe.png
.png,assets/got/textures/items/seeds_grape_white.png
.png,assets/got/textures/items/door_larch.png
.png,assets/got/textures/items/weapon_rack.png
.png,assets/got/textures/items/targaryen_leggings.png
.png,assets/got/textures/items/drink_horn.png
.png,assets/got/textures/items/blood_of_true_kings.png
.png,assets/got/textures/items/bronze_chainmail_helmet.png
.png,assets/got/textures/items/kingsguard_leggings.png
.png,assets/got/textures/items/fin.png
.png,assets/got/textures/items/north_helmet.png
.png,assets/got/textures/items/valyrian_chainmail_boots.png
.png,assets/got/textures/items/norvos_chestplate.png
.png,assets/got/textures/items/door_maple.png
.png,assets/got/textures/items/gold_chainmail_leggings.png
.png,assets/got/textures/items/myr_helmet.png
.png,assets/got/textures/items/iron_crossbow.png
.png,assets/got/textures/items/reachguard_boots.png
.png,assets/got/textures/items/just_maid.png
.png,assets/got/textures/items/lion_helmet.png
.png,assets/got/textures/items/gift_helmet.png
.png,assets/got/textures/items/oryx_hide.png
.png,assets/got/textures/items/westerlands_chestplate.png
.png,assets/got/textures/items/arryn_helmet.png
.png,assets/got/textures/items/arryn_chestplate.png
.png,assets/got/textures/items/pentos_boots.png
.png,assets/got/textures/items/mug_vodka_liquid.png
.png,assets/got/textures/items/lingering_potion_bottle_drinkable.png
.png,assets/got/textures/items/obsidian_hoe.png
.png,assets/got/textures/items/bane.png
.png,assets/got/textures/items/harpy.png
.png,assets/got/textures/items/door_fotinia.png
.png,assets/got/textures/items/qarth_boots.png
.png,assets/got/textures/items/dye_elanor.png
.png,assets/got/textures/items/robes_leggings.png
.png,assets/got/textures/items/bone_leggings.png
.png,assets/got/textures/items/westerlandsguard_helmet.png
.png,assets/got/textures/items/bronze_dagger.png
.png,assets/got/textures/items/mug_apple_juice_liquid.png
.png,assets/got/textures/items/gold_greatsword.png
.png,assets/got/textures/items/mug_brandy_liquid.png
.png,assets/got/textures/items/asshai_helmet.png
.png,assets/got/textures/items/lemon.png
.png,assets/got/textures/items/deer_raw.png
.png,assets/got/textures/items/door_cherry.png
.png,assets/got/textures/items/mug_cocoa_liquid.png
.png,assets/got/textures/items/alloy_steel_boots.png
.png,assets/got/textures/items/valyrian_ring.png
.png,assets/got/textures/items/armor_stand.png
.png,assets/got/textures/items/pancake_maple_syrup.png
.png,assets/got/textures/items/sothoryos_helmet_chieftain.png
.png,assets/got/textures/items/copper_dagger.png
.png,assets/got/textures/items/clay_plate.png
.png,assets/got/textures/items/pouch_large_open_overlay.png
.png,assets/got/textures/items/date.png
.png,assets/got/textures/items/iron_hammer.png
.png,assets/got/textures/items/obsidian_throwing_axe.png
.png,assets/got/textures/items/braavos_chestplate.png
.png,assets/got/textures/items/alloy_steel_crossbow.png
.png,assets/got/textures/items/valyrian_crossbow_pull_0.png
.png,assets/got/textures/items/mug_ale_liquid.png
.png,assets/got/textures/items/dorne_helmet.png
.png,assets/got/textures/items/door_lime.png
.png,assets/got/textures/items/dried_reeds.png
.png,assets/got/textures/items/dart_poisoned.png
.png,assets/got/textures/items/copper_scimitar.png
.png,assets/got/textures/items/obsidian_hammer.png
.png,assets/got/textures/items/ceramic_plate.png
.png,assets/got/textures/items/bronze_boots.png
.png,assets/got/textures/items/mystery_web.png
.png,assets/got/textures/items/plowcart.png
.png,assets/got/textures/items/coral.png
.png,assets/got/textures/items/dawn_glowing.png
.png,assets/got/textures/items/oathkeeper.png
.png,assets/got/textures/items/ceramic_mug.png
.png,assets/got/textures/items/lightbringer.png
.png,assets/got/textures/items/ice.png
.png,assets/got/textures/items/bronze_nugget.png
.png,assets/got/textures/items/door_ulthos.png
.png,assets/got/textures/cape/dorne.png
.png,assets/got/textures/cape/braavos.png
.png,assets/got/textures/cape/kingsguard_2.png
.png,assets/got/textures/cape/arrynguard.png
.png,assets/got/textures/cape/pentos.png
.png,assets/got/textures/cape/qarth.png
.png,assets/got/textures/cape/lys.png
.png,assets/got/textures/cape/tyrosh.png
.png,assets/got/textures/cape/targaryen.png
.png,assets/got/textures/cape/dragonstone.png
.png,assets/got/textures/cape/lorath.png
.png,assets/got/textures/cape/riverlands.png
.png,assets/got/textures/cape/arryn.png
.png,assets/got/textures/cape/night.png
.png,assets/got/textures/cape/volantis.png
.png,assets/got/textures/cape/norvos.png
.png,assets/got/textures/cape/kingsguard_1.png
.png,assets/got/textures/cape/yi_ti_bombardier.png
.png,assets/got/textures/cape/yi_ti.png
.png,assets/got/textures/cape/northguard.png
.png,assets/got/textures/cape/asshai.png
.png,assets/got/textures/cape/westerlands.png
.png,assets/got/textures/cape/yi_ti_samurai.png
.png,assets/got/textures/cape/unsullied.png
.png,assets/got/textures/cape/ironborn.png
.png,assets/got/textures/cape/myr.png
.png,assets/got/textures/cape/qohor.png
.png,assets/got/textures/cape/north.png
.png,assets/got/textures/cape/reach.png
.png,assets/got/textures/cape/crownlands.png
.png,assets/got/textures/cape/ghiscar.png
.png,assets/got/textures/cape/stormlands.png
.png,assets/got/textures/entity/prostitute/light_4.png
.png,assets/got/textures/entity/prostitute/jogos_nhai.png
.png,assets/got/textures/entity/prostitute/light_2.png
.png,assets/got/textures/entity/prostitute/black.png
.png,assets/got/textures/entity/prostitute/nomad.png
.png,assets/got/textures/entity/prostitute/yi_ti.png
.png,assets/got/textures/entity/prostitute/light_5.png
.png,assets/got/textures/entity/prostitute/light_3.png
.png,assets/got/textures/entity/prostitute/wild.png
.png,assets/got/textures/entity/prostitute/light_1.png
.png,assets/got/textures/entity/prostitute/dark.png
.png,assets/got/textures/entity/legendary/arya_stark.png
.png,assets/got/textures/entity/legendary/aemon.png
.png,assets/got/textures/entity/legendary/xaro_xhoan_daxos_1.png
.png,assets/got/textures/entity/legendary/jaime_lannister_1.png
.png,assets/got/textures/entity/legendary/tycho_nestoris.png
.png,assets/got/textures/entity/legendary/anders_yronwood.png
.png,assets/got/textures/entity/legendary/hot_pie_1.png
.png,assets/got/textures/entity/legendary/archmag.png
.png,assets/got/textures/entity/legendary/tommen_baratheon.png
.png,assets/got/textures/entity/legendary/tytos_brax.png
.png,assets/got/textures/entity/legendary/gendry_baratheon.png
.png,assets/got/textures/entity/legendary/lyle_crakehall.png
.png,assets/got/textures/entity/legendary/harrold_hardyng.png
.png,assets/got/textures/entity/legendary/stannis_baratheon.png
.png,assets/got/textures/entity/legendary/davos_seaworth_2.png
.png,assets/got/textures/entity/legendary/benedar_belmore_1.png
.png,assets/got/textures/entity/legendary/tugar_khan.png
.png,assets/got/textures/entity/legendary/samwell_tarly_1.png
.png,assets/got/textures/entity/legendary/orton_merryweather.png
.png,assets/got/textures/entity/legendary/hot_pie_2.png
.png,assets/got/textures/entity/legendary/margaery_tyrell.png
.png,assets/got/textures/entity/legendary/jonos_bracken.png
.png,assets/got/textures/entity/legendary/clement_piper.png
.png,assets/got/textures/entity/legendary/daven_lannister.png
.png,assets/got/textures/entity/legendary/beric_dayne.png
.png,assets/got/textures/entity/legendary/dunstan_drumm.png
.png,assets/got/textures/entity/legendary/rodrik_cassel.png
.png,assets/got/textures/entity/legendary/ygritte.png
.png,assets/got/textures/entity/legendary/high_septon_1.png
.png,assets/got/textures/entity/legendary/mullin.png
.png,assets/got/textures/entity/legendary/harmen_uller.png
.png,assets/got/textures/entity/legendary/jon_snow_1.png
.png,assets/got/textures/entity/legendary/varys.png
.png,assets/got/textures/entity/legendary/yara_greyjoy_1.png
.png,assets/got/textures/entity/legendary/trystane_martell.png
.png,assets/got/textures/entity/legendary/aurane_waters.png
.png,assets/got/textures/entity/legendary/brienne_tarth_1.png
.png,assets/got/textures/entity/legendary/bu_gai_2.png
.png,assets/got/textures/entity/legendary/jason_mallister.png
.png,assets/got/textures/entity/legendary/franklyn_fowler.png
.png,assets/got/textures/entity/legendary/mace_tyrell_1.png
.png,assets/got/textures/entity/legendary/robb_stark_2.png
.png,assets/got/textures/entity/legendary/euron_greyjoy_2.png
.png,assets/got/textures/entity/legendary/sandor_clegane_2.png
.png,assets/got/textures/entity/legendary/brienne_tarth_2.png
.png,assets/got/textures/entity/legendary/symond_templeton.png
.png,assets/got/textures/entity/legendary/tywin_lannister.png
.png,assets/got/textures/entity/legendary/lysa_arryn.png
.png,assets/got/textures/entity/legendary/jeor_mormont_2.png
.png,assets/got/textures/entity/legendary/quenten_banefort.png
.png,assets/got/textures/entity/legendary/cersei_lannister.png
.png,assets/got/textures/entity/legendary/lancel_lannister_2.png
.png,assets/got/textures/entity/legendary/tyrion_lannister.png
.png,assets/got/textures/entity/legendary/kraznys_mo_nakloz_1.png
.png,assets/got/textures/entity/legendary/john_umber_2.png
.png,assets/got/textures/entity/legendary/victarion_greyjoy_2.png
.png,assets/got/textures/entity/legendary/euron_greyjoy_1.png
.png,assets/got/textures/entity/legendary/mathis_rowan.png
.png,assets/got/textures/entity/legendary/bu_gai_1.png
.png,assets/got/textures/entity/legendary/matthos_seaworth_1.png
.png,assets/got/textures/entity/legendary/beric_dondarrion_2.png
.png,assets/got/textures/entity/legendary/randyll_tarly_1.png
.png,assets/got/textures/entity/legendary/jon_connington.png
.png,assets/got/textures/entity/legendary/wyman_manderly_1.png
.png,assets/got/textures/entity/legendary/robb_stark_1.png
.png,assets/got/textures/entity/legendary/ilyn_payne.png
.png,assets/got/textures/entity/legendary/leo_lefford.png
.png,assets/got/textures/entity/legendary/samwell_tarly_2.png
.png,assets/got/textures/entity/legendary/andrik_the_unsmilling.png
.png,assets/got/textures/entity/legendary/kevan_lannister.png
.png,assets/got/textures/entity/legendary/victarion_greyjoy_cape.png
.png,assets/got/textures/entity/legendary/illyrio_mopatis_1.png
.png,assets/got/textures/entity/legendary/manfrey_martell.png
.png,assets/got/textures/entity/legendary/yara_greyjoy_2.png
.png,assets/got/textures/entity/legendary/arianne_martell.png
.png,assets/got/textures/entity/legendary/lancel_lannister_1.png
.png,assets/got/textures/entity/legendary/moqorro_2.png
.png,assets/got/textures/entity/legendary/leyton_hightower.png
.png,assets/got/textures/entity/legendary/lyn_corbray.png
.png,assets/got/textures/entity/legendary/salladhor_saan.png
.png,assets/got/textures/entity/legendary/gorold_goodbrother.png
.png,assets/got/textures/entity/legendary/gerold_dayne.png
.png,assets/got/textures/entity/legendary/gilwood_hunter.png
.png,assets/got/textures/entity/legendary/benedar_belmore_2.png
.png,assets/got/textures/entity/legendary/cotter_pyke_1.png
.png,assets/got/textures/entity/legendary/craster_1.png
.png,assets/got/textures/entity/legendary/horton_redfort.png
.png,assets/got/textures/entity/legendary/roose_bolton_1.png
.png,assets/got/textures/entity/legendary/edd_1.png
.png,assets/got/textures/entity/legendary/renly_baratheon.png
.png,assets/got/textures/entity/legendary/catelyn_stark.png
.png,assets/got/textures/entity/legendary/selwyn_tarth.png
.png,assets/got/textures/entity/legendary/balon_greyjoy_1.png
.png,assets/got/textures/entity/legendary/jaqen_hghar.png
.png,assets/got/textures/entity/legendary/forley_prester.png
.png,assets/got/textures/entity/legendary/sandor_clegane_1.png
.png,assets/got/textures/entity/legendary/willas_tyrell.png
.png,assets/got/textures/entity/legendary/john_umber_1.png
.png,assets/got/textures/entity/legendary/harmune.png
.png,assets/got/textures/entity/legendary/hodor.png
.png,assets/got/textures/entity/legendary/quentyn_qorgyle.png
.png,assets/got/textures/entity/legendary/garlan_tyrell.png
.png,assets/got/textures/entity/legendary/victarion_greyjoy_1.png
.png,assets/got/textures/entity/legendary/shae.png
.png,assets/got/textures/entity/legendary/harry_strickland_2.png
.png,assets/got/textures/entity/legendary/barristan_selmy.png
.png,assets/got/textures/entity/legendary/oberyn_martell.png
.png,assets/got/textures/entity/legendary/helman_tallhart.png
.png,assets/got/textures/entity/legendary/young_griff.png
.png,assets/got/textures/entity/legendary/sebaston_farman.png
.png,assets/got/textures/entity/legendary/maron_volmark.png
.png,assets/got/textures/entity/legendary/mellario.png
.png,assets/got/textures/entity/legendary/maege_mormont_1.png
.png,assets/got/textures/entity/legendary/gylbert_farwynd.png
.png,assets/got/textures/entity/legendary/denys_mallister_1.png
.png,assets/got/textures/entity/legendary/missandei.png
.png,assets/got/textures/entity/legendary/three_eyed_raven.png
.png,assets/got/textures/entity/legendary/jeor_mormont_1.png
.png,assets/got/textures/entity/legendary/osha_2.png
.png,assets/got/textures/entity/legendary/high_septon_2.png
.png,assets/got/textures/entity/legendary/denys_mallister_2.png
.png,assets/got/textures/entity/legendary/black_walder_frey.png
.png,assets/got/textures/entity/legendary/jaime_lannister_2.png
.png,assets/got/textures/entity/legendary/meryn_trant.png
.png,assets/got/textures/entity/legendary/mance_rayder_1.png
.png,assets/got/textures/entity/legendary/quenn_roxton.png
.png,assets/got/textures/entity/legendary/shireen_baratheon.png
.png,assets/got/textures/entity/legendary/harry_strickland_1.png
.png,assets/got/textures/entity/legendary/gregor_clegane_1.png
.png,assets/got/textures/entity/legendary/aeron_greyjoy.png
.png,assets/got/textures/entity/legendary/walder_frey_1.png
.png,assets/got/textures/entity/legendary/areo_hotah.png
.png,assets/got/textures/entity/legendary/rickard_karstark_2.png
.png,assets/got/textures/entity/legendary/polliver.png
.png,assets/got/textures/entity/legendary/erik_ironmaker.png
.png,assets/got/textures/entity/legendary/craster_2.png
.png,assets/got/textures/entity/legendary/harys_swyft.png
.png,assets/got/textures/entity/legendary/harras_harlaw.png
.png,assets/got/textures/entity/legendary/grey_worm.png
.png,assets/got/textures/entity/legendary/baelor_blacktyde.png
.png,assets/got/textures/entity/legendary/kraznys_mo_nakloz_2.png
.png,assets/got/textures/entity/legendary/william_mooton.png
.png,assets/got/textures/entity/legendary/razdal_mo_eraz.png
.png,assets/got/textures/entity/legendary/rodrik_harlaw.png
.png,assets/got/textures/entity/legendary/monford_velaryon.png
.png,assets/got/textures/entity/legendary/robin_arryn.png
.png,assets/got/textures/entity/legendary/luwin.png
.png,assets/got/textures/entity/legendary/petyr_baelish.png
.png,assets/got/textures/entity/legendary/addam_marbrand.png
.png,assets/got/textures/entity/legendary/cotter_pyke_2.png
.png,assets/got/textures/entity/legendary/yoren.png
.png,assets/got/textures/entity/legendary/daario_naharis.png
.png,assets/got/textures/entity/legendary/brynden_tully_1.png
.png,assets/got/textures/entity/legendary/barbrey_dustin.png
.png,assets/got/textures/entity/legendary/daenerys_targaryen.png
.png,assets/got/textures/entity/legendary/mance_rayder_2.png
.png,assets/got/textures/entity/legendary/wyman_manderly_2.png
.png,assets/got/textures/entity/legendary/rickard_karstark_1.png
.png,assets/got/textures/entity/legendary/cley_cerwyn.png
.png,assets/got/textures/entity/legendary/thoros_1.png
.png,assets/got/textures/entity/legendary/paxter_redwyne.png
.png,assets/got/textures/entity/legendary/mace_tyrell_2.png
.png,assets/got/textures/entity/legendary/howland_reed_2.png
.png,assets/got/textures/entity/legendary/melisandra.png
.png,assets/got/textures/entity/legendary/alliser_thorne_2.png
.png,assets/got/textures/entity/legendary/podrick_payne.png
.png,assets/got/textures/entity/legendary/theon_greyjoy_1.png
.png,assets/got/textures/entity/legendary/illyrio_mopatis_2.png
.png,assets/got/textures/entity/legendary/amory_lorch.png
.png,assets/got/textures/entity/legendary/tormund_2.png
.png,assets/got/textures/entity/legendary/davos_seaworth_1.png
.png,assets/got/textures/entity/legendary/ramsay_bolton.png
.png,assets/got/textures/entity/legendary/gerold_grafton.png
.png,assets/got/textures/entity/legendary/edd_2.png
.png,assets/got/textures/entity/legendary/jon_snow_2.png
.png,assets/got/textures/entity/legendary/beric_dondarrion_1.png
.png,assets/got/textures/entity/legendary/roose_bolton_2.png
.png,assets/got/textures/entity/legendary/rickon_stark.png
.png,assets/got/textures/entity/legendary/dagmer.png
.png,assets/got/textures/entity/legendary/balon_greyjoy_2.png
.png,assets/got/textures/entity/legendary/maege_mormont_2.png
.png,assets/got/textures/entity/legendary/lothar_frey.png
.png,assets/got/textures/entity/legendary/xaro_xhoan_daxos_2.png
.png,assets/got/textures/entity/legendary/joffrey_baratheon_2.png
.png,assets/got/textures/entity/legendary/selyse_baratheon.png
.png,assets/got/textures/entity/legendary/bronn.png
.png,assets/got/textures/entity/legendary/hizdahr_zo_loraq.png
.png,assets/got/textures/entity/legendary/gulian_swann.png
.png,assets/got/textures/entity/legendary/yohn_royce.png
.png,assets/got/textures/entity/legendary/olenna_tyrell.png
.png,assets/got/textures/entity/legendary/brynden_tully_2.png
.png,assets/got/textures/entity/legendary/moribald_chester.png
.png,assets/got/textures/entity/legendary/theon_greyjoy_2.png
.png,assets/got/textures/entity/legendary/edmure_tully_2.png
.png,assets/got/textures/entity/legendary/rodrik_ryswell.png
.png,assets/got/textures/entity/legendary/bran_stark.png
.png,assets/got/textures/entity/legendary/matthos_seaworth_2.png
.png,assets/got/textures/entity/legendary/qyburn.png
.png,assets/got/textures/entity/legendary/renly_helmet.png
.png,assets/got/textures/entity/legendary/gregor_clegane_2.png
.png,assets/got/textures/entity/legendary/quentyn_martell.png
.png,assets/got/textures/entity/legendary/ardrian_celtigar.png
.png,assets/got/textures/entity/legendary/thoros_2.png
.png,assets/got/textures/entity/legendary/ebrose.png
.png,assets/got/textures/entity/legendary/sansa_stark.png
.png,assets/got/textures/entity/legendary/tytos_blackwood.png
.png,assets/got/textures/entity/legendary/benjen_stark_2.png
.png,assets/got/textures/entity/legendary/moqorro_1.png
.png,assets/got/textures/entity/legendary/jon_snow_north_2.png
.png,assets/got/textures/entity/legendary/loras_tyrell.png
.png,assets/got/textures/entity/legendary/jorah_mormont.png
.png,assets/got/textures/entity/legendary/pycelle.png
.png,assets/got/textures/entity/legendary/benjen_stark_1.png
.png,assets/got/textures/entity/legendary/vargo_hoat.png
.png,assets/got/textures/entity/legendary/ellarya_sand.png
.png,assets/got/textures/entity/legendary/edmure_tully_1.png
.png,assets/got/textures/entity/legendary/myrcella_baratheon.png
.png,assets/got/textures/entity/legendary/night_king.png
.png,assets/got/textures/entity/legendary/alliser_thorne_1.png
.png,assets/got/textures/entity/legendary/tobho_mott.png
.png,assets/got/textures/entity/legendary/hoster_tully.png
.png,assets/got/textures/entity/legendary/doran_martell.png
.png,assets/got/textures/entity/legendary/osha_1.png
.png,assets/got/textures/entity/legendary/howland_reed_1.png
.png,assets/got/textures/entity/legendary/eldon_estermont.png
.png,assets/got/textures/entity/legendary/anya_waynwood.png
.png,assets/got/textures/entity/legendary/joffrey_baratheon_1.png
.png,assets/got/textures/entity/legendary/gregor_clegane_3.png
.png,assets/got/textures/entity/legendary/tormund_1.png
.png,assets/got/textures/entity/legendary/janos_slynt.png
.png,assets/got/textures/entity/legendary/randyll_tarly_2.png
.png,assets/got/textures/entity/legendary/jon_snow_north_1.png
.png,assets/got/textures/entity/legendary/walder_frey_2.png
.png,assets/got/textures/entity/legendary/hummel009.png
.png,assets/got/textures/entity/westeros/shadow.png
.png,assets/got/textures/entity/animal/walrus.png
.png,assets/got/textures/entity/animal/manticore.png
.png,assets/got/textures/entity/animal/shadowcat.png
.png,assets/got/textures/entity/animal/redscorp.png
.png,assets/got/textures/entity/animal/termite.png
.png,assets/got/textures/entity/animal/zebra.png
.png,assets/got/textures/entity/animal/elephant.png
.png,assets/got/textures/entity/animal/oryx.png
.png,assets/got/textures/entity/animal/mammoth.png
.png,assets/got/textures/entity/animal/wyvern.png
.png,assets/got/textures/entity/animal/werewolf.png
.png,assets/got/textures/entity/animal/direwolf.png
.png,assets/got/textures/entity/animal/beaver.png
.png,assets/got/textures/entity/animal/midge.png
.png,assets/got/textures/entity/animal/crocodile.png
.png,assets/got/textures/entity/animal/swan.png
.png,assets/got/textures/entity/animal/polarbear.png
.png,assets/got/textures/entity/ulthos/spiderSlowness.png
.png,assets/got/textures/entity/ulthos/spider.png
.png,assets/got/textures/entity/ulthos/blizzard.png
.png,assets/got/textures/entity/ulthos/spiderPoison.png
.png,assets/got/textures/entity/essos/pree.png
.png,assets/got/textures/entity/essos/shryke/outfit.png
.png,assets/got/textures/entity/essos/ifekevron/outfit.png
.png,assets/got/textures/entity/essos/ibben/outfit.png
.png,assets/got/textures/entity/essos/unsullied/1.png
.png,assets/got/textures/entity/essos/unsullied/3.png
.png,assets/got/textures/entity/essos/unsullied/4.png
.png,assets/got/textures/entity/essos/unsullied/2.png
.png,assets/got/textures/entity/essos/unsullied/0.png
.png,assets/got/textures/entity/essos/unsullied/5.png
.png,assets/got/textures/entity/essos/asshai/priest.png
.png,assets/got/textures/entity/essos/jogos/male/1.png
.png,assets/got/textures/entity/essos/jogos/male/3.png
.png,assets/got/textures/entity/essos/jogos/male/2.png
.png,assets/got/textures/entity/essos/jogos/male/0.png
.png,assets/got/textures/entity/essos/jogos/female/1.png
.png,assets/got/textures/entity/essos/jogos/female/3.png
.png,assets/got/textures/entity/essos/jogos/female/4.png
.png,assets/got/textures/entity/essos/jogos/female/2.png
.png,assets/got/textures/entity/essos/jogos/female/0.png
.png,assets/got/textures/entity/essos/jogos/femalechild/1.png
.png,assets/got/textures/entity/essos/jogos/femalechild/3.png
.png,assets/got/textures/entity/essos/jogos/femalechild/4.png
.png,assets/got/textures/entity/essos/jogos/femalechild/2.png
.png,assets/got/textures/entity/essos/jogos/femalechild/0.png
.png,assets/got/textures/entity/essos/jogos/malechild/1.png
.png,assets/got/textures/entity/essos/jogos/malechild/3.png
.png,assets/got/textures/entity/essos/jogos/malechild/2.png
.png,assets/got/textures/entity/essos/jogos/malechild/0.png
.png,assets/got/textures/entity/essos/unreliable/male/1.png
.png,assets/got/textures/entity/essos/unreliable/male/3.png
.png,assets/got/textures/entity/essos/unreliable/male/4.png
.png,assets/got/textures/entity/essos/unreliable/male/2.png
.png,assets/got/textures/entity/essos/unreliable/male/0.png
.png,assets/got/textures/entity/essos/unreliable/female/1.png
.png,assets/got/textures/entity/essos/unreliable/female/3.png
.png,assets/got/textures/entity/essos/unreliable/female/4.png
.png,assets/got/textures/entity/essos/unreliable/female/2.png
.png,assets/got/textures/entity/essos/unreliable/female/0.png
.png,assets/got/textures/entity/essos/asshai/male/1.png
.png,assets/got/textures/entity/essos/asshai/male/3.png
.png,assets/got/textures/entity/essos/asshai/male/4.png
.png,assets/got/textures/entity/essos/asshai/male/7.png
.png,assets/got/textures/entity/essos/asshai/male/2.png
.png,assets/got/textures/entity/essos/asshai/male/0.png
.png,assets/got/textures/entity/essos/asshai/male/6.png
.png,assets/got/textures/entity/essos/asshai/male/5.png
.png,assets/got/textures/entity/essos/asshai/female/1.png
.png,assets/got/textures/entity/essos/asshai/female/3.png
.png,assets/got/textures/entity/essos/asshai/female/4.png
.png,assets/got/textures/entity/essos/asshai/female/8.png
.png,assets/got/textures/entity/essos/asshai/female/7.png
.png,assets/got/textures/entity/essos/asshai/female/2.png
.png,assets/got/textures/entity/essos/asshai/female/0.png
.png,assets/got/textures/entity/essos/asshai/female/6.png
.png,assets/got/textures/entity/essos/asshai/female/5.png
.png,assets/got/textures/entity/essos/asshai/femalechild/1.png
.png,assets/got/textures/entity/essos/asshai/femalechild/3.png
.png,assets/got/textures/entity/essos/asshai/femalechild/4.png
.png,assets/got/textures/entity/essos/asshai/femalechild/8.png
.png,assets/got/textures/entity/essos/asshai/femalechild/7.png
.png,assets/got/textures/entity/essos/asshai/femalechild/2.png
.png,assets/got/textures/entity/essos/asshai/femalechild/0.png
.png,assets/got/textures/entity/essos/asshai/femalechild/6.png
.png,assets/got/textures/entity/essos/asshai/femalechild/5.png
.png,assets/got/textures/entity/essos/asshai/malechild/1.png
.png,assets/got/textures/entity/essos/asshai/malechild/3.png
.png,assets/got/textures/entity/essos/asshai/malechild/4.png
.png,assets/got/textures/entity/essos/asshai/malechild/2.png
.png,assets/got/textures/entity/essos/asshai/malechild/0.png
.png,assets/got/textures/entity/essos/free/male/1.png
.png,assets/got/textures/entity/essos/free/male/3.png
.png,assets/got/textures/entity/essos/free/male/4.png
.png,assets/got/textures/entity/essos/free/male/8.png
.png,assets/got/textures/entity/essos/free/male/7.png
.png,assets/got/textures/entity/essos/free/male/9.png
.png,assets/got/textures/entity/essos/free/male/2.png
.png,assets/got/textures/entity/essos/free/male/0.png
.png,assets/got/textures/entity/essos/free/male/6.png
.png,assets/got/textures/entity/essos/free/male/5.png
.png,assets/got/textures/entity/essos/free/female/1.png
.png,assets/got/textures/entity/essos/free/female/3.png
.png,assets/got/textures/entity/essos/free/female/4.png
.png,assets/got/textures/entity/essos/free/female/8.png
.png,assets/got/textures/entity/essos/free/female/7.png
.png,assets/got/textures/entity/essos/free/female/2.png
.png,assets/got/textures/entity/essos/free/female/0.png
.png,assets/got/textures/entity/essos/free/female/6.png
.png,assets/got/textures/entity/essos/free/female/5.png
.png,assets/got/textures/entity/essos/free/femalechild/1.png
.png,assets/got/textures/entity/essos/free/femalechild/3.png
.png,assets/got/textures/entity/essos/free/femalechild/4.png
.png,assets/got/textures/entity/essos/free/femalechild/8.png
.png,assets/got/textures/entity/essos/free/femalechild/7.png
.png,assets/got/textures/entity/essos/free/femalechild/2.png
.png,assets/got/textures/entity/essos/free/femalechild/0.png
.png,assets/got/textures/entity/essos/free/femalechild/6.png
.png,assets/got/textures/entity/essos/free/femalechild/5.png
.png,assets/got/textures/entity/essos/free/malechild/1.png
.png,assets/got/textures/entity/essos/free/malechild/3.png
.png,assets/got/textures/entity/essos/free/malechild/4.png
.png,assets/got/textures/entity/essos/free/malechild/2.png
.png,assets/got/textures/entity/essos/free/malechild/0.png
.png,assets/got/textures/entity/essos/violet/male/1.png
.png,assets/got/textures/entity/essos/violet/male/3.png
.png,assets/got/textures/entity/essos/violet/male/4.png
.png,assets/got/textures/entity/essos/violet/male/8.png
.png,assets/got/textures/entity/essos/violet/male/11.png
.png,assets/got/textures/entity/essos/violet/male/7.png
.png,assets/got/textures/entity/essos/violet/male/9.png
.png,assets/got/textures/entity/essos/violet/male/2.png
.png,assets/got/textures/entity/essos/violet/male/0.png
.png,assets/got/textures/entity/essos/violet/male/10.png
.png,assets/got/textures/entity/essos/violet/male/6.png
.png,assets/got/textures/entity/essos/violet/male/5.png
.png,assets/got/textures/entity/essos/violet/female/1.png
.png,assets/got/textures/entity/essos/violet/female/3.png
.png,assets/got/textures/entity/essos/violet/female/4.png
.png,assets/got/textures/entity/essos/violet/female/8.png
.png,assets/got/textures/entity/essos/violet/female/7.png
.png,assets/got/textures/entity/essos/violet/female/9.png
.png,assets/got/textures/entity/essos/violet/female/2.png
.png,assets/got/textures/entity/essos/violet/female/0.png
.png,assets/got/textures/entity/essos/violet/female/6.png
.png,assets/got/textures/entity/essos/violet/female/5.png
.png,assets/got/textures/entity/essos/violet/femalechild/1.png
.png,assets/got/textures/entity/essos/violet/femalechild/3.png
.png,assets/got/textures/entity/essos/violet/femalechild/4.png
.png,assets/got/textures/entity/essos/violet/femalechild/8.png
.png,assets/got/textures/entity/essos/violet/femalechild/7.png
.png,assets/got/textures/entity/essos/violet/femalechild/9.png
.png,assets/got/textures/entity/essos/violet/femalechild/2.png
.png,assets/got/textures/entity/essos/violet/femalechild/0.png
.png,assets/got/textures/entity/essos/violet/femalechild/6.png
.png,assets/got/textures/entity/essos/violet/femalechild/5.png
.png,assets/got/textures/entity/essos/violet/malechild/1.png
.png,assets/got/textures/entity/essos/violet/malechild/3.png
.png,assets/got/textures/entity/essos/violet/malechild/4.png
.png,assets/got/textures/entity/essos/violet/malechild/2.png
.png,assets/got/textures/entity/essos/violet/malechild/0.png
.png,assets/got/textures/entity/essos/violet/malechild/5.png
.png,assets/got/textures/entity/essos/slave/male/1.png
.png,assets/got/textures/entity/essos/slave/male/3.png
.png,assets/got/textures/entity/essos/slave/male/2.png
.png,assets/got/textures/entity/essos/slave/male/0.png
.png,assets/got/textures/entity/essos/slave/female/1.png
.png,assets/got/textures/entity/essos/slave/female/2.png
.png,assets/got/textures/entity/essos/slave/female/0.png
.png,assets/got/textures/entity/essos/nomad/male/1.png
.png,assets/got/textures/entity/essos/nomad/male/3.png
.png,assets/got/textures/entity/essos/nomad/male/4.png
.png,assets/got/textures/entity/essos/nomad/male/2.png
.png,assets/got/textures/entity/essos/nomad/male/0.png
.png,assets/got/textures/entity/essos/nomad/male/5.png
.png,assets/got/textures/entity/essos/nomad/female/1.png
.png,assets/got/textures/entity/essos/nomad/female/3.png
.png,assets/got/textures/entity/essos/nomad/female/4.png
.png,assets/got/textures/entity/essos/nomad/female/2.png
.png,assets/got/textures/entity/essos/nomad/female/0.png
.png,assets/got/textures/entity/essos/nomad/female/6.png
.png,assets/got/textures/entity/essos/nomad/female/5.png
.png,assets/got/textures/entity/essos/nomad/femalechild/1.png
.png,assets/got/textures/entity/essos/nomad/femalechild/3.png
.png,assets/got/textures/entity/essos/nomad/femalechild/4.png
.png,assets/got/textures/entity/essos/nomad/femalechild/2.png
.png,assets/got/textures/entity/essos/nomad/femalechild/0.png
.png,assets/got/textures/entity/essos/nomad/femalechild/6.png
.png,assets/got/textures/entity/essos/nomad/femalechild/5.png
.png,assets/got/textures/entity/essos/nomad/malechild/1.png
.png,assets/got/textures/entity/essos/nomad/malechild/0.png
.png,assets/got/textures/entity/essos/colored/male/1.png
.png,assets/got/textures/entity/essos/colored/male/3.png
.png,assets/got/textures/entity/essos/colored/male/4.png
.png,assets/got/textures/entity/essos/colored/male/8.png
.png,assets/got/textures/entity/essos/colored/male/7.png
.png,assets/got/textures/entity/essos/colored/male/9.png
.png,assets/got/textures/entity/essos/colored/male/2.png
.png,assets/got/textures/entity/essos/colored/male/0.png
.png,assets/got/textures/entity/essos/colored/male/6.png
.png,assets/got/textures/entity/essos/colored/male/5.png
.png,assets/got/textures/entity/essos/colored/female/1.png
.png,assets/got/textures/entity/essos/colored/female/3.png
.png,assets/got/textures/entity/essos/colored/female/4.png
.png,assets/got/textures/entity/essos/colored/female/8.png
.png,assets/got/textures/entity/essos/colored/female/7.png
.png,assets/got/textures/entity/essos/colored/female/2.png
.png,assets/got/textures/entity/essos/colored/female/0.png
.png,assets/got/textures/entity/essos/colored/female/6.png
.png,assets/got/textures/entity/essos/colored/female/5.png
.png,assets/got/textures/entity/essos/colored/femalechild/1.png
.png,assets/got/textures/entity/essos/colored/femalechild/3.png
.png,assets/got/textures/entity/essos/colored/femalechild/4.png
.png,assets/got/textures/entity/essos/colored/femalechild/8.png
.png,assets/got/textures/entity/essos/colored/femalechild/7.png
.png,assets/got/textures/entity/essos/colored/femalechild/2.png
.png,assets/got/textures/entity/essos/colored/femalechild/0.png
.png,assets/got/textures/entity/essos/colored/femalechild/6.png
.png,assets/got/textures/entity/essos/colored/femalechild/5.png
.png,assets/got/textures/entity/essos/colored/malechild/1.png
.png,assets/got/textures/entity/essos/colored/malechild/3.png
.png,assets/got/textures/entity/essos/colored/malechild/4.png
.png,assets/got/textures/entity/essos/colored/malechild/2.png
.png,assets/got/textures/entity/essos/colored/malechild/0.png
.png,assets/got/textures/entity/essos/mossovy/wraith/marshWraith.png
.png,assets/got/textures/entity/essos/mossovy/wraith/marshWraith_ball.png
.png,assets/got/textures/entity/essos/mossovy/male/1.png
.png,assets/got/textures/entity/essos/mossovy/male/2.png
.png,assets/got/textures/entity/essos/mossovy/male/0.png
.png,assets/got/textures/entity/essos/mossovy/female/1.png
.png,assets/got/textures/entity/essos/mossovy/female/2.png
.png,assets/got/textures/entity/essos/mossovy/female/0.png
.png,assets/got/textures/entity/essos/mossovy/femalechild/1.png
.png,assets/got/textures/entity/essos/mossovy/femalechild/2.png
.png,assets/got/textures/entity/essos/mossovy/femalechild/0.png
.png,assets/got/textures/entity/essos/mossovy/malechild/1.png
.png,assets/got/textures/entity/essos/mossovy/malechild/2.png
.png,assets/got/textures/entity/essos/mossovy/malechild/0.png
.png,assets/got/textures/entity/essos/ibben/male/1.png
.png,assets/got/textures/entity/essos/ibben/male/2.png
.png,assets/got/textures/entity/essos/ibben/male/0.png
.png,assets/got/textures/entity/essos/ibben/female/1.png
.png,assets/got/textures/entity/essos/ibben/female/3.png
.png,assets/got/textures/entity/essos/ibben/female/2.png
.png,assets/got/textures/entity/essos/ibben/female/0.png
.png,assets/got/textures/entity/essos/ibben/femalechild/1.png
.png,assets/got/textures/entity/essos/ibben/femalechild/3.png
.png,assets/got/textures/entity/essos/ibben/femalechild/2.png
.png,assets/got/textures/entity/essos/ibben/femalechild/0.png
.png,assets/got/textures/entity/essos/ibben/malechild/1.png
.png,assets/got/textures/entity/essos/ibben/malechild/2.png
.png,assets/got/textures/entity/essos/ibben/malechild/0.png
.png,assets/got/textures/entity/essos/ghiscar/male/1.png
.png,assets/got/textures/entity/essos/ghiscar/male/3.png
.png,assets/got/textures/entity/essos/ghiscar/male/4.png
.png,assets/got/textures/entity/essos/ghiscar/male/2.png
.png,assets/got/textures/entity/essos/ghiscar/male/0.png
.png,assets/got/textures/entity/essos/ghiscar/female/1.png
.png,assets/got/textures/entity/essos/ghiscar/female/2.png
.png,assets/got/textures/entity/essos/ghiscar/female/0.png
.png,assets/got/textures/entity/essos/ghiscar/femalechild/1.png
.png,assets/got/textures/entity/essos/ghiscar/femalechild/2.png
.png,assets/got/textures/entity/essos/ghiscar/femalechild/0.png
.png,assets/got/textures/entity/essos/ghiscar/malechild/1.png
.png,assets/got/textures/entity/essos/ghiscar/malechild/2.png
.png,assets/got/textures/entity/essos/ghiscar/malechild/0.png
.png,assets/got/textures/entity/essos/stone/male/1.png
.png,assets/got/textures/entity/essos/stone/male/3.png
.png,assets/got/textures/entity/essos/stone/male/4.png
.png,assets/got/textures/entity/essos/stone/male/7.png
.png,assets/got/textures/entity/essos/stone/male/2.png
.png,assets/got/textures/entity/essos/stone/male/0.png
.png,assets/got/textures/entity/essos/stone/male/6.png
.png,assets/got/textures/entity/essos/stone/male/5.png
.png,assets/got/textures/entity/essos/stone/female/1.png
.png,assets/got/textures/entity/essos/stone/female/3.png
.png,assets/got/textures/entity/essos/stone/female/4.png
.png,assets/got/textures/entity/essos/stone/female/7.png
.png,assets/got/textures/entity/essos/stone/female/2.png
.png,assets/got/textures/entity/essos/stone/female/0.png
.png,assets/got/textures/entity/essos/stone/female/6.png
.png,assets/got/textures/entity/essos/stone/female/5.png
.png,assets/got/textures/entity/essos/stone/femalechild/1.png
.png,assets/got/textures/entity/essos/stone/femalechild/3.png
.png,assets/got/textures/entity/essos/stone/femalechild/4.png
.png,assets/got/textures/entity/essos/stone/femalechild/7.png
.png,assets/got/textures/entity/essos/stone/femalechild/2.png
.png,assets/got/textures/entity/essos/stone/femalechild/0.png
.png,assets/got/textures/entity/essos/stone/femalechild/6.png
.png,assets/got/textures/entity/essos/stone/femalechild/5.png
.png,assets/got/textures/entity/essos/stone/malechild/1.png
.png,assets/got/textures/entity/essos/stone/malechild/3.png
.png,assets/got/textures/entity/essos/stone/malechild/4.png
.png,assets/got/textures/entity/essos/stone/malechild/7.png
.png,assets/got/textures/entity/essos/stone/malechild/2.png
.png,assets/got/textures/entity/essos/stone/malechild/0.png
.png,assets/got/textures/entity/essos/stone/malechild/6.png
.png,assets/got/textures/entity/essos/stone/malechild/5.png
.png,assets/got/textures/entity/essos/ifekevron/male/1.png
.png,assets/got/textures/entity/essos/ifekevron/male/2.png
.png,assets/got/textures/entity/essos/ifekevron/male/0.png
.png,assets/got/textures/entity/essos/ifekevron/female/1.png
.png,assets/got/textures/entity/essos/ifekevron/female/3.png
.png,assets/got/textures/entity/essos/ifekevron/female/2.png
.png,assets/got/textures/entity/essos/ifekevron/female/0.png
.png,assets/got/textures/entity/essos/ifekevron/femalechild/1.png
.png,assets/got/textures/entity/essos/ifekevron/femalechild/3.png
.png,assets/got/textures/entity/essos/ifekevron/femalechild/2.png
.png,assets/got/textures/entity/essos/ifekevron/femalechild/0.png
.png,assets/got/textures/entity/essos/ifekevron/malechild/1.png
.png,assets/got/textures/entity/essos/ifekevron/malechild/2.png
.png,assets/got/textures/entity/essos/ifekevron/malechild/0.png
.png,assets/got/textures/entity/essos/shryke/male/1.png
.png,assets/got/textures/entity/essos/shryke/male/2.png
.png,assets/got/textures/entity/essos/shryke/male/0.png
.png,assets/got/textures/entity/essos/shryke/female/1.png
.png,assets/got/textures/entity/essos/shryke/female/3.png
.png,assets/got/textures/entity/essos/shryke/female/2.png
.png,assets/got/textures/entity/essos/shryke/female/0.png
.png,assets/got/textures/entity/essos/shryke/femalechild/1.png
.png,assets/got/textures/entity/essos/shryke/femalechild/3.png
.png,assets/got/textures/entity/essos/shryke/femalechild/2.png
.png,assets/got/textures/entity/essos/shryke/femalechild/0.png
.png,assets/got/textures/entity/essos/shryke/malechild/1.png
.png,assets/got/textures/entity/essos/shryke/malechild/2.png
.png,assets/got/textures/entity/essos/shryke/malechild/0.png
.png,assets/got/textures/entity/essos/yi_ti/male/1.png
.png,assets/got/textures/entity/essos/yi_ti/male/3.png
.png,assets/got/textures/entity/essos/yi_ti/male/2.png
.png,assets/got/textures/entity/essos/yi_ti/male/0.png
.png,assets/got/textures/entity/essos/yi_ti/female/1.png
.png,assets/got/textures/entity/essos/yi_ti/female/3.png
.png,assets/got/textures/entity/essos/yi_ti/female/4.png
.png,assets/got/textures/entity/essos/yi_ti/female/2.png
.png,assets/got/textures/entity/essos/yi_ti/female/0.png
.png,assets/got/textures/entity/essos/yi_ti/femalechild/1.png
.png,assets/got/textures/entity/essos/yi_ti/femalechild/3.png
.png,assets/got/textures/entity/essos/yi_ti/femalechild/4.png
.png,assets/got/textures/entity/essos/yi_ti/femalechild/2.png
.png,assets/got/textures/entity/essos/yi_ti/femalechild/0.png
.png,assets/got/textures/entity/essos/yi_ti/malechild/1.png
.png,assets/got/textures/entity/essos/yi_ti/malechild/3.png
.png,assets/got/textures/entity/essos/yi_ti/malechild/2.png
.png,assets/got/textures/entity/essos/yi_ti/malechild/0.png
.png,assets/got/textures/entity/sothoryos/sothoryos/shaman.png
.png,assets/got/textures/entity/sothoryos/sothoryos/male/1.png
.png,assets/got/textures/entity/sothoryos/sothoryos/male/3.png
.png,assets/got/textures/entity/sothoryos/sothoryos/male/2.png
.png,assets/got/textures/entity/sothoryos/sothoryos/male/0.png
.png,assets/got/textures/entity/sothoryos/sothoryos/female/1.png
.png,assets/got/textures/entity/sothoryos/sothoryos/female/2.png
.png,assets/got/textures/entity/sothoryos/sothoryos/female/0.png
.png,assets/got/textures/entity/sothoryos/sothoryos/femalechild/1.png
.png,assets/got/textures/entity/sothoryos/sothoryos/femalechild/2.png
.png,assets/got/textures/entity/sothoryos/sothoryos/femalechild/0.png
.png,assets/got/textures/entity/sothoryos/sothoryos/malechild/1.png
.png,assets/got/textures/entity/sothoryos/sothoryos/malechild/3.png
.png,assets/got/textures/entity/sothoryos/sothoryos/malechild/2.png
.png,assets/got/textures/entity/sothoryos/sothoryos/malechild/0.png
.png,assets/got/textures/entity/sothoryos/summer/male/1.png
.png,assets/got/textures/entity/sothoryos/summer/male/3.png
.png,assets/got/textures/entity/sothoryos/summer/male/4.png
.png,assets/got/textures/entity/sothoryos/summer/male/2.png
.png,assets/got/textures/entity/sothoryos/summer/male/0.png
.png,assets/got/textures/entity/sothoryos/summer/female/1.png
.png,assets/got/textures/entity/sothoryos/summer/female/3.png
.png,assets/got/textures/entity/sothoryos/summer/female/2.png
.png,assets/got/textures/entity/sothoryos/summer/female/0.png
.png,assets/got/textures/entity/sothoryos/summer/femalechild/1.png
.png,assets/got/textures/entity/sothoryos/summer/femalechild/3.png
.png,assets/got/textures/entity/sothoryos/summer/femalechild/2.png
.png,assets/got/textures/entity/sothoryos/summer/femalechild/0.png
.png,assets/got/textures/entity/sothoryos/summer/malechild/1.png
.png,assets/got/textures/entity/sothoryos/summer/malechild/3.png
.png,assets/got/textures/entity/sothoryos/summer/malechild/4.png
.png,assets/got/textures/entity/sothoryos/summer/malechild/2.png
.png,assets/got/textures/entity/sothoryos/summer/malechild/0.png
.png,assets/got/textures/entity/animal/boar/boar.png
.png,assets/got/textures/entity/animal/boar/saddle.png
.png,assets/got/textures/entity/animal/rabbit/1.png
.png,assets/got/textures/entity/animal/rabbit/3.png
.png,assets/got/textures/entity/animal/rabbit/4.png
.png,assets/got/textures/entity/animal/rabbit/2.png
.png,assets/got/textures/entity/animal/rabbit/0.png
.png,assets/got/textures/entity/animal/rhino/rhino.png
.png,assets/got/textures/entity/animal/rhino/wooly.png
.png,assets/got/textures/entity/animal/rhino/saddle.png
.png,assets/got/textures/entity/animal/scorpion/desert.png
.png,assets/got/textures/entity/animal/scorpion/jungle.png
.png,assets/got/textures/entity/animal/wbison/1.png
.png,assets/got/textures/entity/animal/wbison/0.png
.png,assets/got/textures/entity/animal/dragon/body.png
.png,assets/got/textures/entity/animal/dragon/glow.png
.png,assets/got/textures/entity/animal/dragon/saddle.png
.png,assets/got/textures/entity/animal/dragon/egg.png
.png,assets/got/textures/entity/animal/dragon/dissolve.png
.png,assets/got/textures/entity/animal/lion/lion.png
.png,assets/got/textures/entity/animal/lion/lioness.png
.png,assets/got/textures/entity/animal/dikdik/1.png
.png,assets/got/textures/entity/animal/dikdik/2.png
.png,assets/got/textures/entity/animal/dikdik/0.png
.png,assets/got/textures/entity/animal/bear/light.png
.png,assets/got/textures/entity/animal/bear/black.png
.png,assets/got/textures/entity/animal/bear/dark.png
.png,assets/got/textures/entity/animal/giraffe/saddle.png
.png,assets/got/textures/entity/animal/giraffe/giraffe.png
.png,assets/got/textures/entity/animal/deer/1.png
.png,assets/got/textures/entity/animal/deer/0.png
.png,assets/got/textures/entity/animal/camel/carpet_base.png
.png,assets/got/textures/entity/animal/camel/saddle.png
.png,assets/got/textures/entity/animal/camel/carpet_overlay.png
.png,assets/got/textures/entity/animal/camel/camel.png
.png,assets/got/textures/entity/animal/flamingo/flamingo.png
.png,assets/got/textures/entity/animal/flamingo/chick.png
.png,assets/got/textures/entity/animal/bison/1.png
.png,assets/got/textures/entity/animal/bison/3.png
.png,assets/got/textures/entity/animal/bison/2.png
.png,assets/got/textures/entity/animal/bison/0.png
.png,assets/got/textures/entity/animal/elk/saddle.png
.png,assets/got/textures/entity/animal/whiteOryx/1.png
.png,assets/got/textures/entity/animal/whiteOryx/2.png
.png,assets/got/textures/entity/animal/whiteOryx/0.png
.png,assets/got/textures/entity/animal/bird/gorcrow/0.png
.png,assets/got/textures/entity/animal/bird/seagull/0.png
.png,assets/got/textures/entity/animal/bird/crow/0.png
.png,assets/got/textures/entity/animal/bird/sothoryos/1.png
.png,assets/got/textures/entity/animal/bird/sothoryos/3.png
.png,assets/got/textures/entity/animal/bird/sothoryos/4.png
.png,assets/got/textures/entity/animal/bird/sothoryos/8.png
.png,assets/got/textures/entity/animal/bird/sothoryos/7.png
.png,assets/got/textures/entity/animal/bird/sothoryos/2.png
.png,assets/got/textures/entity/animal/bird/sothoryos/0.png
.png,assets/got/textures/entity/animal/bird/sothoryos/6.png
.png,assets/got/textures/entity/animal/bird/sothoryos/5.png
.png,assets/got/textures/entity/animal/bird/magpie/0.png
.png,assets/got/textures/entity/animal/bird/crebain/0.png
.png,assets/got/textures/entity/animal/bird/common/1.png
.png,assets/got/textures/entity/animal/bird/common/3.png
.png,assets/got/textures/entity/animal/bird/common/4.png
.png,assets/got/textures/entity/animal/bird/common/8.png
.png,assets/got/textures/entity/animal/bird/common/7.png
.png,assets/got/textures/entity/animal/bird/common/2.png
.png,assets/got/textures/entity/animal/bird/common/0.png
.png,assets/got/textures/entity/animal/bird/common/6.png
.png,assets/got/textures/entity/animal/bird/common/5.png
.png,assets/got/textures/entity/animal/elk/elk/1.png
.png,assets/got/textures/entity/animal/elk/elk/2.png
.png,assets/got/textures/entity/animal/elk/elk/0.png
.png,assets/got/textures/entity/animal/butterfly/qohor/0.png
.png,assets/got/textures/entity/animal/butterfly/sothoryos/1.png
.png,assets/got/textures/entity/animal/butterfly/sothoryos/3.png
.png,assets/got/textures/entity/animal/butterfly/sothoryos/4.png
.png,assets/got/textures/entity/animal/butterfly/sothoryos/2.png
.png,assets/got/textures/entity/animal/butterfly/sothoryos/0.png
.png,assets/got/textures/entity/animal/butterfly/ulthos/0.png
.png,assets/got/textures/entity/animal/butterfly/common/1.png
.png,assets/got/textures/entity/animal/butterfly/common/3.png
.png,assets/got/textures/entity/animal/butterfly/common/4.png
.png,assets/got/textures/entity/animal/butterfly/common/2.png
.png,assets/got/textures/entity/animal/butterfly/common/0.png
.png,assets/got/textures/entity/animal/fish/clownfish/_0.png
.png,assets/got/textures/entity/animal/fish/clownfish/0.png
.png,assets/got/textures/entity/animal/fish/common/1.png
.png,assets/got/textures/entity/animal/fish/common/3.png
.png,assets/got/textures/entity/animal/fish/common/2.png
.png,assets/got/textures/entity/animal/fish/common/0.png
.png,assets/got/textures/entity/animal/fish/salmon/0.png
.png,assets/got/textures/entity/westeros/ironborn/priest.png
.png,assets/got/textures/entity/westeros/wild/outfit.png
.png,assets/got/textures/entity/westeros/westeros/alchemist.png
.png,assets/got/textures/entity/westeros/westeros/mercenary.png
.png,assets/got/textures/entity/westeros/westeros/septon.png
.png,assets/got/textures/entity/westeros/westeros/maester.png
.png,assets/got/textures/entity/westeros/ice/walker.png
.png,assets/got/textures/entity/westeros/ice/spider.png
.png,assets/got/textures/entity/westeros/giant/weapons.png
.png,assets/got/textures/entity/westeros/unreliable/male/1.png
.png,assets/got/textures/entity/westeros/unreliable/male/3.png
.png,assets/got/textures/entity/westeros/unreliable/male/4.png
.png,assets/got/textures/entity/westeros/unreliable/male/2.png
.png,assets/got/textures/entity/westeros/unreliable/male/0.png
.png,assets/got/textures/entity/westeros/unreliable/male/5.png
.png,assets/got/textures/entity/westeros/unreliable/female/1.png
.png,assets/got/textures/entity/westeros/unreliable/female/3.png
.png,assets/got/textures/entity/westeros/unreliable/female/4.png
.png,assets/got/textures/entity/westeros/unreliable/female/2.png
.png,assets/got/textures/entity/westeros/unreliable/female/0.png
.png,assets/got/textures/entity/westeros/unreliable/female/5.png
.png,assets/got/textures/entity/westeros/dorne/male/1.png
.png,assets/got/textures/entity/westeros/dorne/male/3.png
.png,assets/got/textures/entity/westeros/dorne/male/4.png
.png,assets/got/textures/entity/westeros/dorne/male/2.png
.png,assets/got/textures/entity/westeros/dorne/male/0.png
.png,assets/got/textures/entity/westeros/dorne/female/1.png
.png,assets/got/textures/entity/westeros/dorne/female/2.png
.png,assets/got/textures/entity/westeros/dorne/female/0.png
.png,assets/got/textures/entity/westeros/dorne/femalechild/1.png
.png,assets/got/textures/entity/westeros/dorne/femalechild/2.png
.png,assets/got/textures/entity/westeros/dorne/femalechild/0.png
.png,assets/got/textures/entity/westeros/dorne/malechild/1.png
.png,assets/got/textures/entity/westeros/dorne/malechild/2.png
.png,assets/got/textures/entity/westeros/dorne/malechild/0.png
.png,assets/got/textures/entity/westeros/north/male/1.png
.png,assets/got/textures/entity/westeros/north/male/3.png
.png,assets/got/textures/entity/westeros/north/male/4.png
.png,assets/got/textures/entity/westeros/north/male/7.png
.png,assets/got/textures/entity/westeros/north/male/2.png
.png,assets/got/textures/entity/westeros/north/male/0.png
.png,assets/got/textures/entity/westeros/north/male/6.png
.png,assets/got/textures/entity/westeros/north/male/5.png
.png,assets/got/textures/entity/westeros/north/female/1.png
.png,assets/got/textures/entity/westeros/north/female/3.png
.png,assets/got/textures/entity/westeros/north/female/4.png
.png,assets/got/textures/entity/westeros/north/female/2.png
.png,assets/got/textures/entity/westeros/north/female/0.png
.png,assets/got/textures/entity/westeros/north/female/6.png
.png,assets/got/textures/entity/westeros/north/female/5.png
.png,assets/got/textures/entity/westeros/north/femalechild/1.png
.png,assets/got/textures/entity/westeros/north/femalechild/3.png
.png,assets/got/textures/entity/westeros/north/femalechild/4.png
.png,assets/got/textures/entity/westeros/north/femalechild/2.png
.png,assets/got/textures/entity/westeros/north/femalechild/0.png
.png,assets/got/textures/entity/westeros/north/femalechild/5.png
.png,assets/got/textures/entity/westeros/north/malechild/1.png
.png,assets/got/textures/entity/westeros/north/malechild/2.png
.png,assets/got/textures/entity/westeros/north/malechild/0.png
.png,assets/got/textures/entity/westeros/giant/giant/1.png
.png,assets/got/textures/entity/westeros/giant/giant/0.png
.png,assets/got/textures/entity/westeros/ice/giant/1.png
.png,assets/got/textures/entity/westeros/ice/giant/0.png
.png,assets/got/textures/entity/westeros/ice/wight/male/1.png
.png,assets/got/textures/entity/westeros/ice/wight/male/3.png
.png,assets/got/textures/entity/westeros/ice/wight/male/4.png
.png,assets/got/textures/entity/westeros/ice/wight/male/7.png
.png,assets/got/textures/entity/westeros/ice/wight/male/2.png
.png,assets/got/textures/entity/westeros/ice/wight/male/0.png
.png,assets/got/textures/entity/westeros/ice/wight/male/6.png
.png,assets/got/textures/entity/westeros/ice/wight/male/5.png
.png,assets/got/textures/entity/westeros/ice/wight/female/1.png
.png,assets/got/textures/entity/westeros/ice/wight/female/3.png
.png,assets/got/textures/entity/westeros/ice/wight/female/4.png
.png,assets/got/textures/entity/westeros/ice/wight/female/7.png
.png,assets/got/textures/entity/westeros/ice/wight/female/2.png
.png,assets/got/textures/entity/westeros/ice/wight/female/0.png
.png,assets/got/textures/entity/westeros/ice/wight/female/6.png
.png,assets/got/textures/entity/westeros/ice/wight/female/5.png
.png,assets/got/textures/entity/westeros/ice/wight/femalechild/1.png
.png,assets/got/textures/entity/westeros/ice/wight/femalechild/3.png
.png,assets/got/textures/entity/westeros/ice/wight/femalechild/4.png
.png,assets/got/textures/entity/westeros/ice/wight/femalechild/7.png
.png,assets/got/textures/entity/westeros/ice/wight/femalechild/2.png
.png,assets/got/textures/entity/westeros/ice/wight/femalechild/0.png
.png,assets/got/textures/entity/westeros/ice/wight/femalechild/6.png
.png,assets/got/textures/entity/westeros/ice/wight/femalechild/5.png
.png,assets/got/textures/entity/westeros/ice/wight/malechild/1.png
.png,assets/got/textures/entity/westeros/ice/wight/malechild/3.png
.png,assets/got/textures/entity/westeros/ice/wight/malechild/4.png
.png,assets/got/textures/entity/westeros/ice/wight/malechild/7.png
.png,assets/got/textures/entity/westeros/ice/wight/malechild/2.png
.png,assets/got/textures/entity/westeros/ice/wight/malechild/0.png
.png,assets/got/textures/entity/westeros/ice/wight/malechild/6.png
.png,assets/got/textures/entity/westeros/ice/wight/malechild/5.png
.png,assets/got/textures/entity/westeros/westeros/male/1.png
.png,assets/got/textures/entity/westeros/westeros/male/3.png
.png,assets/got/textures/entity/westeros/westeros/male/4.png
.png,assets/got/textures/entity/westeros/westeros/male/8.png
.png,assets/got/textures/entity/westeros/westeros/male/7.png
.png,assets/got/textures/entity/westeros/westeros/male/9.png
.png,assets/got/textures/entity/westeros/westeros/male/2.png
.png,assets/got/textures/entity/westeros/westeros/male/0.png
.png,assets/got/textures/entity/westeros/westeros/male/6.png
.png,assets/got/textures/entity/westeros/westeros/male/5.png
.png,assets/got/textures/entity/westeros/westeros/female/1.png
.png,assets/got/textures/entity/westeros/westeros/female/3.png
.png,assets/got/textures/entity/westeros/westeros/female/4.png
.png,assets/got/textures/entity/westeros/westeros/female/8.png
.png,assets/got/textures/entity/westeros/westeros/female/11.png
.png,assets/got/textures/entity/westeros/westeros/female/7.png
.png,assets/got/textures/entity/westeros/westeros/female/12.png
.png,assets/got/textures/entity/westeros/westeros/female/9.png
.png,assets/got/textures/entity/westeros/westeros/female/2.png
.png,assets/got/textures/entity/westeros/westeros/female/0.png
.png,assets/got/textures/entity/westeros/westeros/female/10.png
.png,assets/got/textures/entity/westeros/westeros/female/13.png
.png,assets/got/textures/entity/westeros/westeros/female/6.png
.png,assets/got/textures/entity/westeros/westeros/female/5.png
.png,assets/got/textures/entity/westeros/westeros/femalechild/1.png
.png,assets/got/textures/entity/westeros/westeros/femalechild/3.png
.png,assets/got/textures/entity/westeros/westeros/femalechild/4.png
.png,assets/got/textures/entity/westeros/westeros/femalechild/8.png
.png,assets/got/textures/entity/westeros/westeros/femalechild/7.png
.png,assets/got/textures/entity/westeros/westeros/femalechild/9.png
.png,assets/got/textures/entity/westeros/westeros/femalechild/2.png
.png,assets/got/textures/entity/westeros/westeros/femalechild/0.png
.png,assets/got/textures/entity/westeros/westeros/femalechild/10.png
.png,assets/got/textures/entity/westeros/westeros/femalechild/6.png
.png,assets/got/textures/entity/westeros/westeros/femalechild/5.png
.png,assets/got/textures/entity/westeros/westeros/malechild/1.png
.png,assets/got/textures/entity/westeros/westeros/malechild/3.png
.png,assets/got/textures/entity/westeros/westeros/malechild/4.png
.png,assets/got/textures/entity/westeros/westeros/malechild/2.png
.png,assets/got/textures/entity/westeros/westeros/malechild/0.png
.png,assets/got/textures/entity/westeros/westeros/malechild/5.png
.png,assets/got/textures/entity/westeros/gift/male/1.png
.png,assets/got/textures/entity/westeros/gift/male/2.png
.png,assets/got/textures/entity/westeros/gift/male/0.png
.png,assets/got/textures/entity/westeros/gift/female/1.png
.png,assets/got/textures/entity/westeros/gift/female/2.png
.png,assets/got/textures/entity/westeros/gift/female/0.png
.png,assets/got/textures/entity/westeros/gift/femalechild/1.png
.png,assets/got/textures/entity/westeros/gift/femalechild/2.png
.png,assets/got/textures/entity/westeros/gift/femalechild/0.png
.png,assets/got/textures/entity/westeros/gift/malechild/1.png
.png,assets/got/textures/entity/westeros/gift/malechild/2.png
.png,assets/got/textures/entity/westeros/gift/malechild/0.png
.png,assets/got/textures/entity/westeros/thenn/male/1.png
.png,assets/got/textures/entity/westeros/thenn/male/2.png
.png,assets/got/textures/entity/westeros/thenn/male/0.png
.png,assets/got/textures/entity/westeros/thenn/female/1.png
.png,assets/got/textures/entity/westeros/thenn/female/3.png
.png,assets/got/textures/entity/westeros/thenn/female/2.png
.png,assets/got/textures/entity/westeros/thenn/female/0.png
.png,assets/got/textures/entity/westeros/thenn/femalechild/1.png
.png,assets/got/textures/entity/westeros/thenn/femalechild/3.png
.png,assets/got/textures/entity/westeros/thenn/femalechild/2.png
.png,assets/got/textures/entity/westeros/thenn/femalechild/0.png
.png,assets/got/textures/entity/westeros/thenn/malechild/1.png
.png,assets/got/textures/entity/westeros/thenn/malechild/2.png
.png,assets/got/textures/entity/westeros/thenn/malechild/0.png
.png,assets/got/textures/entity/westeros/wild/male/1.png
.png,assets/got/textures/entity/westeros/wild/male/2.png
.png,assets/got/textures/entity/westeros/wild/male/0.png
.png,assets/got/textures/entity/westeros/wild/female/1.png
.png,assets/got/textures/entity/westeros/wild/female/3.png
.png,assets/got/textures/entity/westeros/wild/female/2.png
.png,assets/got/textures/entity/westeros/wild/female/0.png
.png,assets/got/textures/entity/westeros/wild/femalechild/1.png
.png,assets/got/textures/entity/westeros/wild/femalechild/3.png
.png,assets/got/textures/entity/westeros/wild/femalechild/2.png
.png,assets/got/textures/entity/westeros/wild/femalechild/0.png
.png,assets/got/textures/entity/westeros/wild/malechild/1.png
.png,assets/got/textures/entity/westeros/wild/malechild/2.png
.png,assets/got/textures/entity/westeros/wild/malechild/0.png
.png,assets/got/textures/entity/westeros/ironborn/male/1.png
.png,assets/got/textures/entity/westeros/ironborn/male/3.png
.png,assets/got/textures/entity/westeros/ironborn/male/4.png
.png,assets/got/textures/entity/westeros/ironborn/male/2.png
.png,assets/got/textures/entity/westeros/ironborn/male/0.png
.png,assets/got/textures/entity/westeros/ironborn/female/1.png
.png,assets/got/textures/entity/westeros/ironborn/female/0.png
.png,assets/got/textures/entity/westeros/ironborn/femalechild/1.png
.png,assets/got/textures/entity/westeros/ironborn/femalechild/0.png
.png,assets/got/textures/entity/westeros/ironborn/malechild/1.png
.png,assets/got/textures/entity/westeros/ironborn/malechild/2.png
.png,assets/got/textures/entity/westeros/ironborn/malechild/0.png
.png,assets/got/textures/items/large-3x/katana.png
.png,assets/got/textures/items/large-3x/iron_greatsword.png
.png,assets/got/textures/items/large-3x/iron_longsword.png
.png,assets/got/textures/items/large-3x/valyrian_pike.png
.png,assets/got/textures/items/large-3x/robert_baratheon_hammer.png
.png,assets/got/textures/items/large-3x/alloy_steel_greatsword.png
.png,assets/got/textures/items/large-3x/iron_pike.png
.png,assets/got/textures/items/large-3x/bronze_pike.png
.png,assets/got/textures/items/large-3x/wood_pike.png
.png,assets/got/textures/items/large-3x/valyrian_longsword.png
.png,assets/got/textures/items/large-3x/stone_pike.png
.png,assets/got/textures/items/large-3x/gregor_clegane_sword.png
.png,assets/got/textures/items/large-3x/obsidian_pike.png
.png,assets/got/textures/items/large-3x/copper_longsword.png
.png,assets/got/textures/items/large-3x/bronze_longsword.png
.png,assets/got/textures/items/large-3x/gold_longsword.png
.png,assets/got/textures/items/large-3x/copper_greatsword.png
.png,assets/got/textures/items/large-3x/copper_pike.png
.png,assets/got/textures/items/large-3x/gold_pike.png
.png,assets/got/textures/items/large-3x/alloy_steel_pike.png
.png,assets/got/textures/items/large-3x/valyrian_greatsword.png
.png,assets/got/textures/items/large-3x/walking_stick.png
.png,assets/got/textures/items/large-3x/alloy_steel_longsword.png
.png,assets/got/textures/items/large-3x/bronze_greatsword.png
.png,assets/got/textures/items/large-3x/gold_greatsword.png
.png,assets/got/textures/items/large-3x/ice.png
.png,assets/got/textures/items/vlarge-2x/swordDiamond.png
.png,assets/got/textures/items/vlarge-2x/swordWood.png
.png,assets/got/textures/items/vlarge-2x/swordStone.png
.png,assets/got/textures/items/vlarge-2x/swordIron.png
.png,assets/got/textures/items/vlarge-2x/swordGold.png
.png,assets/got/textures/items/large-2x/blackfyre.png
.png,assets/got/textures/items/large-2x/sandor_clegane_sword.png
.png,assets/got/textures/items/large-2x/harpoon.png
.png,assets/got/textures/items/large-2x/iron_spear.png
.png,assets/got/textures/items/large-2x/lady_forlorn.png
.png,assets/got/textures/items/large-2x/ice_sword.png
.png,assets/got/textures/items/large-2x/gold_spear.png
.png,assets/got/textures/items/large-2x/alloy_steel_scimitar.png
.png,assets/got/textures/items/large-2x/brightroar.png
.png,assets/got/textures/items/large-2x/bronze_scimitar.png
.png,assets/got/textures/items/large-2x/stone_spear.png
.png,assets/got/textures/items/large-2x/crowbar.png
.png,assets/got/textures/items/large-2x/longbow_pull_0.png
.png,assets/got/textures/items/large-2x/indomitable.png
.png,assets/got/textures/items/large-2x/copper_spear.png
.png,assets/got/textures/items/large-2x/wood_spear.png
.png,assets/got/textures/items/large-2x/asshai_shadowbinder_staff.png
.png,assets/got/textures/items/large-2x/command_sword.png
.png,assets/got/textures/items/large-2x/cutwave.png
.png,assets/got/textures/items/large-2x/bronze_spear.png
.png,assets/got/textures/items/large-2x/vigilance.png
.png,assets/got/textures/items/large-2x/stone_battleaxe.png
.png,assets/got/textures/items/large-2x/sothoryos_double_torch.png
.png,assets/got/textures/items/large-2x/longbow_pull_2.png
.png,assets/got/textures/items/large-2x/longclaw.png
.png,assets/got/textures/items/large-2x/fuse.png
.png,assets/got/textures/items/large-2x/gold_scimitar.png
.png,assets/got/textures/items/large-2x/longbow_pull_1.png
.png,assets/got/textures/items/large-2x/obsidian_scimitar.png
.png,assets/got/textures/items/large-2x/needle.png
.png,assets/got/textures/items/large-2x/iron_battleaxe.png
.png,assets/got/textures/items/large-2x/copper_sword.png
.png,assets/got/textures/items/large-2x/orphan_maker.png
.png,assets/got/textures/items/large-2x/lamentation.png
.png,assets/got/textures/items/large-2x/alloy_steel_hammer.png
.png,assets/got/textures/items/large-2x/valyrian_scimitar.png
.png,assets/got/textures/items/large-2x/hearteater.png
.png,assets/got/textures/items/large-2x/black_arakh.png
.png,assets/got/textures/items/large-2x/club.png
.png,assets/got/textures/items/large-2x/valyrian_spear.png
.png,assets/got/textures/items/large-2x/asshai_archmag_staff.png
.png,assets/got/textures/items/large-2x/valyrian_sword.png
.png,assets/got/textures/items/large-2x/widow_wail.png
.png,assets/got/textures/items/large-2x/alloy_steel_spear.png
.png,assets/got/textures/items/large-2x/red_rain.png
.png,assets/got/textures/items/large-2x/trident.png
.png,assets/got/textures/items/large-2x/honor.png
.png,assets/got/textures/items/large-2x/wood_scimitar.png
.png,assets/got/textures/items/large-2x/tidewings.png
.png,assets/got/textures/items/large-2x/ice_heavy_sword.png
.png,assets/got/textures/items/large-2x/gold_battleaxe.png
.png,assets/got/textures/items/large-2x/wood_hammer.png
.png,assets/got/textures/items/large-2x/alloy_steel_sword.png
.png,assets/got/textures/items/large-2x/stone_hammer.png
.png,assets/got/textures/items/large-2x/copper_battleaxe.png
.png,assets/got/textures/items/large-2x/darkstar.png
.png,assets/got/textures/items/large-2x/dark_sister.png
.png,assets/got/textures/items/large-2x/sunspear.png
.png,assets/got/textures/items/large-2x/bronze_battleaxe.png
.png,assets/got/textures/items/large-2x/reminder.png
.png,assets/got/textures/items/large-2x/longbow.png
.png,assets/got/textures/items/large-2x/wood_battleaxe.png
.png,assets/got/textures/items/large-2x/nightfall.png
.png,assets/got/textures/items/large-2x/gold_hammer.png
.png,assets/got/textures/items/large-2x/bronze_hammer.png
.png,assets/got/textures/items/large-2x/dawn.png
.png,assets/got/textures/items/large-2x/truth.png
.png,assets/got/textures/items/large-2x/obsidian_sword.png
.png,assets/got/textures/items/large-2x/obsidian_battleaxe.png
.png,assets/got/textures/items/large-2x/ardrian_celtigar_axe.png
.png,assets/got/textures/items/large-2x/iron_scimitar.png
.png,assets/got/textures/items/large-2x/bronze_sword.png
.png,assets/got/textures/items/large-2x/daario_arakh.png
.png,assets/got/textures/items/large-2x/ice_spear.png
.png,assets/got/textures/items/large-2x/night_king_sword.png
.png,assets/got/textures/items/large-2x/obsidian_spear.png
.png,assets/got/textures/items/large-2x/copper_hammer.png
.png,assets/got/textures/items/large-2x/valyrian_battleaxe.png
.png,assets/got/textures/items/large-2x/beric_dondarrion_sword.png
.png,assets/got/textures/items/large-2x/heartsbane.png
.png,assets/got/textures/items/large-2x/stone_scimitar.png
.png,assets/got/textures/items/large-2x/pruner.png
.png,assets/got/textures/items/large-2x/valyrian_hammer.png
.png,assets/got/textures/items/large-2x/alloy_steel_battleaxe.png
.png,assets/got/textures/items/large-2x/fin.png
.png,assets/got/textures/items/large-2x/just_maid.png
.png,assets/got/textures/items/large-2x/bane.png
.png,assets/got/textures/items/large-2x/iron_hammer.png
.png,assets/got/textures/items/large-2x/copper_scimitar.png
.png,assets/got/textures/items/large-2x/obsidian_hammer.png
.png,assets/got/textures/items/large-2x/dawn_glowing.png
.png,assets/got/textures/items/large-2x/oathkeeper.png
.png,assets/got/textures/items/large-2x/lightbringer.png
.png,assets/got/textures/model/kebab/stand_sand.png
.png,assets/got/textures/model/kebab/stand.png
.png,assets/got/textures/model/kebab/raw.png
.png,assets/got/textures/model/kebab/cooked.png
.png,assets/got/textures/model/unsmeltery/idle.png
.png,assets/got/textures/model/unsmeltery/active.png
.png,assets/got/textures/model/chest/essos.png
.png,assets/got/textures/model/chest/stone.png
.png,assets/got/textures/model/chest/basket.png
.png,assets/got/textures/sky/night/1.png
.png,assets/got/textures/sky/night/2.png
.png,assets/got/textures/sky/night/0.png
.png,assets/got/textures/gui/barrel/brewing.png
.png,assets/got/textures/gui/barrel/barrel.png
.png,assets/got/textures/gui/quest/tracker.png
.png,assets/got/textures/gui/quest/questBook_miniquests.png
.png,assets/got/textures/gui/quest/questBook.png
.png,assets/got/textures/gui/quest/miniquest.png
.png,assets/got/textures/gui/npc/trade.png
.png,assets/got/textures/gui/npc/unit_trade_buttons.png
.png,assets/got/textures/gui/npc/unit_trade.png
.png,assets/got/textures/gui/npc/hiredFarmer.png
.png,assets/got/textures/gui/npc/hiredWarrior.png
.png,assets/got/textures/gui/npc/hired.png
.png,assets/got/textures/gui/achievements/icons.png
.png,assets/got/textures/gui/achievements/page.png
.png,assets/got/textures/armor/mount/rhino.png
.png,assets/nei/textures/gui/recipebg.png
.png,assets/nei/textures/gui/potion.png
.png,assets/nei/textures/gui/inv.png
.png,assets/minecraft/textures/gui/resource_packs.png
.png,assets/minecraft/textures/gui/demo_background.png
.png,assets/minecraft/textures/gui/widgets.png
.png,assets/minecraft/textures/gui/icons.png
.png,assets/minecraft/textures/blocks/gold_block.png
.png,assets/minecraft/textures/blocks/water_still.png
.png,assets/minecraft/textures/blocks/dragon_egg.png
.png,assets/minecraft/textures/blocks/stone_snow.png
.png,assets/minecraft/textures/blocks/iron_bars.png
.png,assets/minecraft/textures/blocks/sandstone_carved.png
.png,assets/minecraft/textures/blocks/water_flow.png
.png,assets/minecraft/textures/blocks/iron_block.png
.png,assets/minecraft/textures/font/unicode_page_00.png
.png,assets/minecraft/textures/font/unicode_page_01.png
.png,assets/minecraft/textures/font/unicode_page_04.png
.png,assets/minecraft/textures/items/diamond_boots.png
.png,assets/minecraft/textures/items/gold_hoe.png
.png,assets/minecraft/textures/items/chainmail_boots.png
.png,assets/minecraft/textures/items/wood_hoe.png
.png,assets/minecraft/textures/items/gold_boots.png
.png,assets/minecraft/textures/items/chainmail_chestplate.png
.png,assets/minecraft/textures/items/iron_sword.png
.png,assets/minecraft/textures/items/iron_axe.png
.png,assets/minecraft/textures/items/iron_helmet.png
.png,assets/minecraft/textures/items/iron_hoe.png
.png,assets/minecraft/textures/items/gold_shovel.png
.png,assets/minecraft/textures/items/gold_chestplate.png
.png,assets/minecraft/textures/items/iron_pickaxe.png
.png,assets/minecraft/textures/items/chainmail_helmet.png
.png,assets/minecraft/textures/items/wood_shovel.png
.png,assets/minecraft/textures/items/diamond_sword.png
.png,assets/minecraft/textures/items/diamond_shovel.png
.png,assets/minecraft/textures/items/wood_axe.png
.png,assets/minecraft/textures/items/apple_golden.png
.png,assets/minecraft/textures/items/diamond_axe.png
.png,assets/minecraft/textures/items/iron_ingot.png
.png,assets/minecraft/textures/items/iron_leggings.png
.png,assets/minecraft/textures/items/stone_sword.png
.png,assets/minecraft/textures/items/wood_sword.png
.png,assets/minecraft/textures/items/iron_chestplate.png
.png,assets/minecraft/textures/items/diamond_leggings.png
.png,assets/minecraft/textures/items/diamond_hoe.png
.png,assets/minecraft/textures/items/gold_helmet.png
.png,assets/minecraft/textures/items/diamond_chestplate.png
.png,assets/minecraft/textures/items/gold_ingot.png
.png,assets/minecraft/textures/items/gold_sword.png
.png,assets/minecraft/textures/items/stone_pickaxe.png
.png,assets/minecraft/textures/items/gold_axe.png
.png,assets/minecraft/textures/items/gold_nugget.png
.png,assets/minecraft/textures/items/gold_leggings.png
.png,assets/minecraft/textures/items/gold_pickaxe.png
.png,assets/minecraft/textures/items/stone_shovel.png
.png,assets/minecraft/textures/items/diamond_helmet.png
.png,assets/minecraft/textures/items/iron_boots.png
.png,assets/minecraft/textures/items/diamond_pickaxe.png
.png,assets/minecraft/textures/items/stone_hoe.png
.png,assets/minecraft/textures/items/iron_shovel.png
.png,assets/minecraft/textures/items/wood_pickaxe.png
.png,assets/minecraft/textures/items/stone_axe.png
.png,assets/minecraft/textures/items/chainmail_leggings.png
.png,assets/minecraft/textures/models/armor/diamond_layer_2.png
.png,assets/minecraft/textures/models/armor/diamond_layer_1.png
.png,assets/minecraft/textures/models/armor/iron_layer_2.png
.png,assets/minecraft/textures/models/armor/gold_layer_1.png
.png,assets/minecraft/textures/models/armor/gold_layer_2.png
.png,assets/minecraft/textures/models/armor/iron_layer_1.png
.png,assets/minecraft/textures/gui/container/furnace.png
.png,assets/minecraft/textures/gui/container/enchanting_table.png
.png,assets/minecraft/textures/gui/container/hopper.png
.png,assets/minecraft/textures/gui/container/horse.png
.png,assets/minecraft/textures/gui/container/anvil.png
.png,assets/minecraft/textures/gui/container/dispenser.png
.png,assets/minecraft/textures/gui/container/beacon.png
.png,assets/minecraft/textures/gui/container/villager.png
.png,assets/minecraft/textures/gui/container/stats_icons.png
.png,assets/minecraft/textures/gui/container/brewing_stand.png
.png,assets/minecraft/textures/gui/container/inventory.png
.png,assets/minecraft/textures/gui/container/generic_54.png
.png,assets/minecraft/textures/gui/container/crafting_table.png
.png,assets/minecraft/textures/gui/achievement/achievement_background.png
.png,assets/minecraft/textures/gui/achievement/achievement_icons.png
.png,assets/minecraft/textures/gui/container/creative_inventory/tabs.png
.png,assets/minecraft/textures/gui/container/creative_inventory/tab_items.png
.png,assets/minecraft/textures/gui/container/creative_inventory/tab_item_search.png
.png,assets/minecraft/textures/gui/container/creative_inventory/tab_inventory.png
.ogg,assets/got/sounds/wight/whisper1.ogg
.ogg,assets/got/sounds/wight/hurt2.ogg
.ogg,assets/got/sounds/wight/voice6.ogg
.ogg,assets/got/sounds/wight/death2.ogg
.ogg,assets/got/sounds/wight/death1.ogg
.ogg,assets/got/sounds/wight/voice2.ogg
.ogg,assets/got/sounds/wight/hurt3.ogg
.ogg,assets/got/sounds/wight/hurt1.ogg
.ogg,assets/got/sounds/wight/voice8.ogg
.ogg,assets/got/sounds/wight/voice7.ogg
.ogg,assets/got/sounds/wight/voice4.ogg
.ogg,assets/got/sounds/wight/voice5.ogg
.ogg,assets/got/sounds/wight/noise1.ogg
.ogg,assets/got/sounds/wight/hurt4.ogg
.ogg,assets/got/sounds/wight/voice3.ogg
.ogg,assets/got/sounds/wight/noise5.ogg
.ogg,assets/got/sounds/wight/voice1.ogg
.ogg,assets/got/sounds/wight/scream1.ogg
.ogg,assets/got/sounds/wight/scream2.ogg
.ogg,assets/got/sounds/wight/death3.ogg
.ogg,assets/got/sounds/wight/noise2.ogg
.ogg,assets/got/sounds/wight/noise4.ogg
.ogg,assets/got/sounds/wight/noise3.ogg
.ogg,assets/got/sounds/rabbit/hurt2.ogg
.ogg,assets/got/sounds/rabbit/death1.ogg
.ogg,assets/got/sounds/rabbit/hurt1.ogg
.ogg,assets/got/sounds/rabbit/flee1.ogg
.ogg,assets/got/sounds/rabbit/flee2.ogg
.ogg,assets/got/sounds/rhino/say.ogg
.ogg,assets/got/sounds/rhino/death.ogg
.ogg,assets/got/sounds/rhino/hurt.ogg
.ogg,assets/got/sounds/midges/swarm3.ogg
.ogg,assets/got/sounds/midges/swarm1.ogg
.ogg,assets/got/sounds/midges/swarm2.ogg
.ogg,assets/got/sounds/wraith/marshWraith_shoot.ogg
.ogg,assets/got/sounds/wraith/spawn.ogg
.ogg,assets/got/sounds/crocodile/say.ogg
.ogg,assets/got/sounds/crocodile/death.ogg
.ogg,assets/got/sounds/crocodile/snap.ogg
.ogg,assets/got/sounds/dragon/death.ogg
.ogg,assets/got/sounds/dragon/step1.ogg
.ogg,assets/got/sounds/dragon/breathe1.ogg
.ogg,assets/got/sounds/dragon/breathe2.ogg
.ogg,assets/got/sounds/dragon/step4.ogg
.ogg,assets/got/sounds/dragon/step2.ogg
.ogg,assets/got/sounds/dragon/step3.ogg
.ogg,assets/got/sounds/lion/say.ogg
.ogg,assets/got/sounds/lion/death.ogg
.ogg,assets/got/sounds/lion/hurt.ogg
.ogg,assets/got/sounds/bear/hurt2.ogg
.ogg,assets/got/sounds/bear/hurt1.ogg
.ogg,assets/got/sounds/bear/death.ogg
.ogg,assets/got/sounds/bear/say2.ogg
.ogg,assets/got/sounds/bear/say1.ogg
.ogg,assets/got/sounds/deer/death.ogg
.ogg,assets/got/sounds/deer/say2.ogg
.ogg,assets/got/sounds/deer/say1.ogg
.ogg,assets/got/sounds/deer/hurt.ogg
.ogg,assets/got/sounds/event/trade4.ogg
.ogg,assets/got/sounds/event/trade3.ogg
.ogg,assets/got/sounds/event/pledge.ogg
.ogg,assets/got/sounds/event/trade2.ogg
.ogg,assets/got/sounds/event/unpledge.ogg
.ogg,assets/got/sounds/event/fastTravel.ogg
.ogg,assets/got/sounds/event/trade1.ogg
.ogg,assets/got/sounds/zebra/say.ogg
.ogg,assets/got/sounds/zebra/death.ogg
.ogg,assets/got/sounds/zebra/hurt.ogg
.ogg,assets/got/sounds/giant/say.ogg
.ogg,assets/got/sounds/giant/step.ogg
.ogg,assets/got/sounds/giant/transform.ogg
.ogg,assets/got/sounds/giant/sniff.ogg
.ogg,assets/got/sounds/giant/ologHai_hammer.ogg
.ogg,assets/got/sounds/giant/rockSmash.ogg
.ogg,assets/got/sounds/giant/sneeze.ogg
.ogg,assets/got/sounds/flamingo/hurt2.ogg
.ogg,assets/got/sounds/flamingo/hurt1.ogg
.ogg,assets/got/sounds/flamingo/death.ogg
.ogg,assets/got/sounds/flamingo/say2.ogg
.ogg,assets/got/sounds/flamingo/say1.ogg
.ogg,assets/got/sounds/swan/hiss.ogg
.ogg,assets/got/sounds/direwolf/hurt2.ogg
.ogg,assets/got/sounds/direwolf/death2.ogg
.ogg,assets/got/sounds/direwolf/death1.ogg
.ogg,assets/got/sounds/direwolf/say7.ogg
.ogg,assets/got/sounds/direwolf/hurt3.ogg
.ogg,assets/got/sounds/direwolf/hurt1.ogg
.ogg,assets/got/sounds/direwolf/say4.ogg
.ogg,assets/got/sounds/direwolf/say2.ogg
.ogg,assets/got/sounds/direwolf/say5.ogg
.ogg,assets/got/sounds/direwolf/say1.ogg
.ogg,assets/got/sounds/direwolf/hurt4.ogg
.ogg,assets/got/sounds/direwolf/death4.ogg
.ogg,assets/got/sounds/direwolf/attack3.ogg
.ogg,assets/got/sounds/direwolf/attack2.ogg
.ogg,assets/got/sounds/direwolf/say6.ogg
.ogg,assets/got/sounds/direwolf/attack1.ogg
.ogg,assets/got/sounds/direwolf/death3.ogg
.ogg,assets/got/sounds/direwolf/say3.ogg
.ogg,assets/got/sounds/item/dart2.ogg
.ogg,assets/got/sounds/item/dart1.ogg
.ogg,assets/got/sounds/item/udar.ogg
.ogg,assets/got/sounds/item/puff.ogg
.ogg,assets/got/sounds/item/mug_fill.ogg
.ogg,assets/got/sounds/item/crossbow.ogg
.ogg,assets/got/sounds/item/crossbowLoad.ogg
.ogg,assets/got/sounds/item/whip.ogg
.ogg,assets/got/sounds/item/horn.ogg
.ogg,assets/got/sounds/item/structureSpawner.ogg
.ogg,assets/got/sounds/item/dart3.ogg
.ogg,assets/got/sounds/mammoth/hurt2.ogg
.ogg,assets/got/sounds/mammoth/grunt5.ogg
.ogg,assets/got/sounds/mammoth/hurt1.ogg
.ogg,assets/got/sounds/mammoth/grunt7.ogg
.ogg,assets/got/sounds/mammoth/grunt4.ogg
.ogg,assets/got/sounds/mammoth/grunt3.ogg
.ogg,assets/got/sounds/mammoth/grunt6.ogg
.ogg,assets/got/sounds/mammoth/calf1.ogg
.ogg,assets/got/sounds/mammoth/dying.ogg
.ogg,assets/got/sounds/mammoth/calf2.ogg
.ogg,assets/got/sounds/mammoth/grunt1.ogg
.ogg,assets/got/sounds/mammoth/grunt2.ogg
.ogg,assets/got/sounds/mammoth/grunt8.ogg
.ogg,assets/got/sounds/bison/hurt1.ogg
.ogg,assets/got/sounds/bison/death.ogg
.ogg,assets/got/sounds/bison/say2.ogg
.ogg,assets/got/sounds/bison/say1.ogg
.ogg,assets/got/sounds/bison/say3.ogg
.ogg,assets/got/sounds/elk/death.ogg
.ogg,assets/got/sounds/elk/say2.ogg
.ogg,assets/got/sounds/elk/say1.ogg
.ogg,assets/got/sounds/elk/hurt.ogg
.ogg,assets/got/sounds/walker/fire.ogg
.ogg,assets/got/sounds/walker/say.ogg
.ogg,assets/got/sounds/walker/hurt2.ogg
.ogg,assets/got/sounds/walker/hurt1.ogg
.ogg,assets/got/sounds/walker/death.ogg
.ogg,assets/got/sounds/bird/say9.ogg
.ogg,assets/got/sounds/bird/say11.ogg
.ogg,assets/got/sounds/bird/say7.ogg
.ogg,assets/got/sounds/bird/say15.ogg
.ogg,assets/got/sounds/bird/hurt1.ogg
.ogg,assets/got/sounds/bird/say12.ogg
.ogg,assets/got/sounds/bird/say13.ogg
.ogg,assets/got/sounds/bird/say4.ogg
.ogg,assets/got/sounds/bird/say2.ogg
.ogg,assets/got/sounds/bird/say5.ogg
.ogg,assets/got/sounds/bird/say1.ogg
.ogg,assets/got/sounds/bird/say10.ogg
.ogg,assets/got/sounds/bird/say8.ogg
.ogg,assets/got/sounds/bird/say6.ogg
.ogg,assets/got/sounds/bird/say3.ogg
.ogg,assets/got/sounds/bird/say14.ogg
.ogg,assets/got/sounds/bird/seagull/hurt1.ogg
.ogg,assets/got/sounds/bird/seagull/say2.ogg
.ogg,assets/got/sounds/bird/seagull/say1.ogg
.ogg,assets/got/sounds/bird/seagull/say3.ogg
.ogg,assets/got/sounds/bird/crow/hurt2.ogg
.ogg,assets/got/sounds/bird/crow/hurt1.ogg
.ogg,assets/got/sounds/bird/crow/say2.ogg
.ogg,assets/got/sounds/bird/crow/say1.ogg
.ogg,assets/got/sounds/bird/crow/say3.ogg
.ogg,assets/got/sounds/block/plate/break.ogg
.ogg,assets/got/sounds/block/treasure/break2.ogg
.ogg,assets/got/sounds/block/treasure/break3.ogg
.ogg,assets/got/sounds/block/treasure/step1.ogg
.ogg,assets/got/sounds/block/treasure/place1.ogg
.ogg,assets/got/sounds/block/treasure/step2.ogg
.ogg,assets/got/sounds/block/treasure/step3.ogg
.ogg,assets/got/sounds/block/treasure/break1.ogg
.ogg,assets/got/sounds/block/gate/open.ogg
.ogg,assets/got/sounds/block/gate/stone_close.ogg
.ogg,assets/got/sounds/block/gate/close.ogg
.ogg,assets/got/sounds/block/gate/stone_open.ogg
.ogg,assets/got/sounds/ambient/terrain/sea1.ogg
.ogg,assets/got/sounds/ambient/terrain/sea3.ogg
.ogg,assets/got/sounds/ambient/terrain/sea2.ogg
.ogg,assets/got/sounds/ambient/weather/wind1.ogg
.ogg,assets/got/sounds/ambient/weather/rain3.ogg
.ogg,assets/got/sounds/ambient/weather/thunder1.ogg
.ogg,assets/got/sounds/ambient/weather/thunder2.ogg
.ogg,assets/got/sounds/ambient/weather/rain2.ogg
.ogg,assets/got/sounds/ambient/weather/wind3.ogg
.ogg,assets/got/sounds/ambient/weather/wind2.ogg
.ogg,assets/got/sounds/ambient/weather/thunder3.ogg
.ogg,assets/got/sounds/ambient/weather/rain1.ogg
.lang,assets/got/lang/de_DE.lang
.lang,assets/got/lang/zh_CN.lang
.lang,assets/got/lang/uk_UA.lang
.lang,assets/got/lang/tr_TR.lang
.lang,assets/got/lang/ru_RU.lang
.lang,assets/got/lang/pl_PL.lang
.lang,assets/got/lang/en_US.lang
.lang,assets/got/lang/fr_FR.lang
